Name,CAS No.,SMILES,Formula,data_source
METHYLETHANOLAMINE,109-83-1,CNCCO,C3H9NO,DIPPR
BROMOCHLOROMETHANE,74-97-5,BrCCl,CH2BrCl,DIPPR
"2,2-DIMETHYLHEPTANE",1071-26-7,CC(C)(C)CCCCC,C9H20,DIPPR
"2,3,3,4-TETRAMETHYLPENTANE",16747-38-9,CC(C)C(C)(C)C(C)C,C9H20,DIPPR
N-ETHYL-2-METHYLALLYLAMINE,18328-90-0,CC(=C)CNCC,C6H13N,DIPPR
VINYL FORMATE,692-45-5,C=COC(=O),C3H4O2,DIPPR
THIAINDAN,4565-32-6,c1cc2SCCc2cc1,C8H8S,DIPPR
"cis-1,2-DICHLOROETHYLENE",156-59-2,Cl/C=CCl,C2H2Cl2,DIPPR
2-HYDROXYETHYL ACRYLATE,818-61-1,C=CC(=O)OCCO,C5H8O3,DIPPR
CHLOROACETYL CHLORIDE,09/04/1979,ClCC(=O)Cl,C2H2Cl2O,DIPPR
ETHYLENE GLYCOL MONOPROPYL ETHER,2807-30-9,CCCOCCO,C5H12O2,DIPPR
DIMETHYLMERCURY,593-74-8,C[Hg]C,C2H6Hg,DIPPR
6-METHYL-1-OCTANOL,38514-05-5,CCC(C)CCCCCO,C9H20O,DIPPR
"1,2-DIBROMOTETRAFLUOROETHANE",124-73-2,BrC(F)(F)C(F)(F)Br,C2Br2F4,DIPPR
n-HENEICOSANE,629-94-7,CCCCCCCCCCCCCCCCCCCCC,C21H44,DIPPR
POTASSIUM IODIDE,7681-11-0,[K+].[I-],IK,DIPPR
MELAMINE,108-78-1,C1(N)=NC(N)=NC(N)=N1,C3H6N6,DIPPR
"2,6,8-TRIMETHYL-4-NONANONE",123-18-2,CC(C)CC(C)CC(=O)CC(C)C,C12H24O,DIPPR
n-PROPYL ISOBUTYRATE,644-49-5,CC(C)C(=O)OCCC,C7H14O2,DIPPR
SQUALANE,111-01-3,CC(C)CCCC(C)CCCC(C)CCCCC(C)CCCC(C)CCCC(C)C,C30H62,DIPPR
o-PHENYLENEDIAMINE,95-54-5,c1(N)c(N)cccc1,C6H8N2,DIPPR
4-HYDROXYMETHYL BENZOIC ACID,3006-96-0,OCc1ccc(C(=O)O)cc1,C8H8O3,DIPPR
"1,3,5-TRIISOPROPYLBENZENE",717-74-8,c1(C(C)C)cc(C(C)C)cc(C(C)C)c1,C15H24,DIPPR
"2,4-DIAMINOTOLUENE",95-80-7,c1(N)cc(N)c(C)cc1,C7H10N2,DIPPR
SUCCINIC ACID,110-15-6,OC(=O)CCC(=O)O,C4H6O4,DIPPR
1-METHYL-4-VINYLCYCLOHEXENE,17699-86-4,C1(C)=CCC(C=C)CC1,C9H14,DIPPR
ISOPROPYL IODIDE,75-30-9,CC(I)C,C3H7I,DIPPR
N-AMINOETHYL ETHANOLAMINE,111-41-1,NCCNCCO,C4H12N2O,DIPPR
PYRIDAZINE,289-80-5,N1=NC=CC=C1,C4H4N2,DIPPR
XENON,7440-63-3,[Xe],Xe,DIPPR
SULFUR,7704-34-9,[S],S,DIPPR
n-HEXYLCYCLOHEXANE,4292-75-5,CCCCCCC1CCCCC1,C12H24,DIPPR
DIFLUOROMETHYL TRIFLUOROMETHYL ETHER,3822-68-2,C(F)(F)(F)OC(F)(F),C2HF5O,DIPPR
m-TOLUALDEHYDE,620-23-5,c1c(C)cccc1(C=O),C8H8O,DIPPR
METHYLCYCLOPENTADIENE,26519-91-5,C1(C)=CC=CC1,C6H8,DIPPR
2-METHYL-1-TRIDECANOL,32480-16-3,CCCCCCCCCCCC(C)CO,C14H30O,DIPPR
sec-BUTYL ACRYLATE,05/08/2998,CCC(C)OC(=O)C=C,C7H12O2,DIPPR
METHYL t-PENTYL SULFIDE,13286-92-5,CSC(C)(C)CC,C6H14S,DIPPR
BENZYL ALCOHOL,100-51-6,c1ccccc1(CO),C7H8O,DIPPR
TRIOCTYL TRIMELLITATE,3319-31-1,O=C(OCC(CCCC)CC)c(ccc(c1C(=O)OCC(CCCC)CC)C(=O)OCC(CCCC)CC)c1,C33H54O6,DIPPR
"2,4-DICHLOROBENZOTRIFLUORIDE",320-60-5,c1(C(F)(F)F)c(Cl)cc(Cl)cc1,C7H3Cl2F3,DIPPR
"2,2-DIMETHYL-3-ETHYLPENTANE",16747-32-3,CC(C)(C)C(CC)CC,C9H20,DIPPR
ARSENIC (III) CHLORIDE,7784-34-1,Cl[As](Cl)Cl,AsCl3,DIPPR
"1,3-PROPYLENE OXIDE",503-30-0,C1CCO1,C3H6O,DIPPR
trans-CROTONALDEHYDE,123-73-9,C/C=C/C=O,C4H6O,DIPPR
"4,6-DINITRO-o-sec-BUTYLPHENOL",88-85-7,c1(O)c(C(C)CC)cc(N(=O)=O)cc1(N(=O)=O),C10H12N2O5,DIPPR
"2,3-DIMETHYLDODECANE",6117-98-2,CC(C)C(C)CCCCCCCCC,C14H30,DIPPR
m-CYMENE,535-77-3,c1(C(C)C)cc(C)ccc1,C10H14,DIPPR
"1,1-DIMETHYLCYCLOPENTANE",1638-26-2,C1(C)(C)CCCC1,C7H14,DIPPR
trans-3-METHYLCYCLOHEXANOL,7443-55-2,C1[C@](O)([H])(C[C@@](C)([H])(CC1)),C7H14O,DIPPR
DIPROPYLENE GLYCOL n-BUTYL ETHER,35884-42-5,CC(O)COC(C)COCCCC,C10H22O3,DIPPR
"1,4-DIMETHYLTETRALIN",4175-54-6,CC2CCC(C)c1ccccc12,C12H16,DIPPR
p-PHENETIDINE,156-43-4,c1(OCC)ccc(N)cc1,C8H11NO,DIPPR
ETHYL t-BUTYL SULFIDE,14290-92-7,CC(C)(C)SCC,C6H14S,DIPPR
n-NONYL MERCAPTAN,1455-21-6,CCCCCCCCCS,C9H20S,DIPPR
4-METHYL-1-OCTANOL,38514-03-3,CCCCC(C)CCCO,C9H20O,DIPPR
"4,4'-DINITROTRIPHENYLAMINE",1100-10-3,N(c1ccc(N(=O)=O)cc1)(c2ccc(N(=O)=O)cc2)(c3ccccc3),C18H13N3O4,DIPPR
DIBUTYL SEBACATE,109-43-3,CCCCOC(=O)CCCCCCCCC(=O)OCCCC,C18H34O4,DIPPR
CYCLOHEXYL ACETATE,622-45-7,C1(OC(=O)C)CCCCC1,C8H14O2,DIPPR
o-NITROANISOLE,91-23-6,c1(OC)c(N(=O)=O)cccc1,C7H7NO3,DIPPR
n-TRIDECANE,629-50-5,CCCCCCCCCCCCC,C13H28,DIPPR
"1,5,9-CYCLODODECATRIENE",706-31-0,C1=CCCC=CCCC=CCC1,C12H18,DIPPR
TRI-n-BUTYL PHOSPHATE,126-73-8,O=P(OCCCC)(OCCCC)OCCCC,C12H27O4P,DIPPR
"1,2-DIBROMODODECANE",55334-42-4,C(Br)C(Br)CCCCCCCCCC,C12H24Br2,DIPPR
"2,4-DINITROTOLUENE",121-14-2,c1(C)c([N+](=O)[O-])cc([N+](=O)[O-])cc1,C7H6N2O4,DIPPR
PENTAETHYLENE GLYCOL MONOMETHYL ETHER,23778-52-1,COCCOCCOCCOCCOCCO,C11H24O6,DIPPR
"2,2,3,3-TETRAMETHYLHEXANE",13475-81-5,CC(C)(C)C(C)(C)CCC,C10H22,DIPPR
INDENE,95-13-6,c1(CC=C2)c2cccc1,C9H8,DIPPR
METHYL DIETHANOLAMINE,105-59-9,CN(CCO)CCO,C5H13NO2,DIPPR
"2,3-DIMETHYL-2-BUTENE",563-79-1,CC(C)=C(C)C,C6H12,DIPPR
1-METHYL-4-ISOPROPYLCYCLOHEXANE,99-82-1,C1(CCC(CC1)C(C)C)C,C10H20,DIPPR
ACETONE,67-64-1,CC(=O)C,C3H6O,DIPPR
ETHYL METHYL DISULFIDE,20333-39-5,CSSCC,C3H8S2,DIPPR
"2,3-DIMETHYLOCTANE",7146-60-3,CC(C)C(C)CCCCC,C10H22,DIPPR
ISOBUTYRIC ANHYDRIDE,97-72-3,CC(C)C(=O)OC(=O)C(C)C,C8H14O3,DIPPR
DICHLORODIETHYLSILANE,1719-53-5,CC[Si](Cl)(Cl)CC,C4H10Cl2Si,DIPPR
o-METHYLSTYRENE,611-15-4,C=Cc1c(C)cccc1,C9H10,DIPPR
"1,1,2-TRIPHENYLETHANE",1520-42-9,C(c1ccccc1)(c2ccccc2)Cc3ccccc3,C20H18,DIPPR
"N,N-DIMETHYL-n-BUTYLAMINE",927-62-8,CCCCN(C)C,C6H15N,DIPPR
"o,p-BISPHENOL A",837-08-1,c1cc(O)c(C(C)(C)c2ccc(O)cc2)cc1,C15H16O2,DIPPR
DICHLOROMETHANE,02/09/1975,ClCCl,CH2Cl2,DIPPR
alpha-TOCOPHEROL,09/02/1959,c1(O)c(C)c2CCC(C)(CCCC(C)CCCC(C)CCCC(C)C)Oc2c(C)c1(C),C29H50O2,DIPPR
6-METHYL-1-HEPTENE,5026-76-6,C=CCCCC(C)C,C8H16,DIPPR
MONOCHLOROBENZENE,108-90-7,c1ccccc1(Cl),C6H5Cl,DIPPR
"DECAN-1,10-DIOL",112-47-0,OCCCCCCCCCCO,C10H22O2,DIPPR
1-TETRACONTENE,61868-18-6,C=CCCCCCCCCCCCCCCCCCCCCCCCCCCCCCCCCCCCCCC,C40H80,DIPPR
"1,2,3,5-TETRAMETHYLBENZENE",527-53-7,c1(C)c(C)c(C)cc(C)c1,C10H14,DIPPR
CITRIC ACID,77-92-9,OC(=O)CC(O)(C(=O)O)CC(=O)O,C6H8O7,DIPPR
UNDECYL MERCAPTAN,5332-52-5,CCCCCCCCCCCS,C11H24S,DIPPR
"1,3,5-TRINITROBENZENE",99-35-4,c1([N+](=O)[O-])cc([N+](=O)[O-])cc([N+](=O)[O-])c1,C6H3N3O6,DIPPR
o-CRESOL,95-48-7,c1(O)c(C)cccc1,C7H8O,DIPPR
1-cis-2-trans-3-TRIMETHYLCYCLOPENTANE,15890-40-1,C[C@@H]1CC[C@@H](C)[C@H]1C,C8H16,DIPPR
m-DIETHYLBENZENE,141-93-5,c1(CC)cc(CC)ccc1,C10H14,DIPPR
TRICHLOROACETYL CHLORIDE,08/02/1976,ClC(Cl)(Cl)C(=O)Cl,C2Cl4O,DIPPR
2-HYDROXYACETOPHENONE,118-93-4,c1(C(=O)C)c(O)cccc1,C8H8O2,DIPPR
METHYL n-PROPYL SULFIDE,3877-15-4,CSCCC,C4H10S,DIPPR
"3,3-DIETHYLPENTANE",1067-20-5,CCC(CC)(CC)CC,C9H20,DIPPR
FLUORINE,7782-41-4,FF,F2,DIPPR
"N,N'-DI-tert-BUTYLETHYLENEDIAMINE",4062-60-6,CC(C)(C)NCCNC(C)(C)C,C10H24N2,DIPPR
n-OCTYLCYCLOHEXANE,1795-15-9,C(CCCC1)(C1)CCCCCCCC,C14H28,DIPPR
2-HEPTANOL,543-49-7,CC(O)CCCCC,C7H16O,DIPPR
"2,5-DIMETHYLTETRAHYDROFURAN",1003-38-9,O1C(C)CCC1C,C6H12O,DIPPR
p-DIMETHYLAMINOBENZALDEHYDE,100-10-7,c1(N(C)C)ccc(C(=O))cc1,C9H11NO,DIPPR
IRON,7439-89-6,[Fe],Fe,DIPPR
ETHYL MYRISTATE,124-06-1,O=C(OCC)CCCCCCCCCCCCC,C16H32O2,DIPPR
TRIPHENYL PHOSPHATE,115-86-6,c1ccccc1(OP(=O)(Oc2ccccc2)Oc3ccccc3),C18H15O4P,DIPPR
SUCROSE ACETATE ISOBUTYRATE,126-13-6,CC(C)C(=O)OC1C(COC(=O)C)OC(OC2(COC(=O)C(C)C)C(OC(=O)C(C)C)C(OC(=O)C(C)C)C(COC(=O)C)O2)C(OC(=O)C(C)C)C1OC(=O)C(C)C,C40H62O19,DIPPR
p-BROMOTOLUENE,106-38-7,c1(C)ccc(Br)cc1,C7H7Br,DIPPR
TETRYL,479-45-8,c1(N(C)[N+](=O)[O-])c([N+](=O)[O-])cc([N+](=O)[O-])cc1([N+](=O)[O-]),C7H5N5O8,DIPPR
MESITYL OXIDE,141-79-7,CC(C)=CC(=O)C,C6H10O,DIPPR
METHYL ISOBUTYL KETONE,108-10-1,CC(C)CC(=O)C,C6H12O,DIPPR
n-PENTASILANE,14868-53-2,[SiH3][SiH2][SiH2][SiH2][SiH3],H12Si5,DIPPR
"trans-1,2-DIMETHYLCYCLOPENTANE",822-50-4,C1[C@](C)([H])([C@]([H])(C)(CC1)),C7H14,DIPPR
BIS(CHLOROMETHYL)ETHER,542-88-1,ClCOCCl,C2H4Cl2O,DIPPR
CARBONYL SULFIDE,463-58-1,O=C=S,COS,DIPPR
METHYL alpha-HYDROXYISOBUTYRATE,2110-78-3,OC(C)(C)C(=O)OC,C5H10O3,DIPPR
FLUORENE,86-73-7,C1=CC=CC2=C1C(C=CC=C3)=C3C2,C13H10,DIPPR
2-METHYL-1-PENTENE,763-29-1,C=C(C)CCC,C6H12,DIPPR
VINYLACETYLENE,689-97-4,C=CC#C,C4H4,DIPPR
SODIUM FLUORIDE,7681-49-4,[Na+].[F-],FNa,DIPPR
METHANESULFONYL CHLORIDE,124-63-0,CS(=O)(=O)Cl,CH3ClO2S,DIPPR
BROMINE,7726-95-6,BrBr,Br2,DIPPR
GLUTARIC ANHYDRIDE,108-55-4,C1(=O)OC(=O)CCC1,C5H6O3,DIPPR
1-NONENE,124-11-8,C=CCCCCCCC,C9H18,DIPPR
DIMETHYL ETHER,115-10-6,COC,C2H6O,DIPPR
CYCLOPROPANE CARBOXYLIC ACID,1759-53-1,C1CC1(C(=O)O),C4H6O2,DIPPR
PHTHALIDE,87-41-2,c1cc2c(cc1)C(=O)OC2,C8H6O2,DIPPR
1-tert-BUTOXY-2-[2-(HYDROXY)PROPOXY]PROPANE,58797-58-3,CC(O)COC(C)COC(C)(C)(C),C10H22O3,DIPPR
epsilon-CAPROLACTAM,105-60-2,N1CCCCCC1=O,C6H11NO,DIPPR
ALLYL ETHER,557-40-4,C=CCOCC=C,C6H10O,DIPPR
ISOQUINOLINE,119-65-3,C1=CC2=C(C=C1)C=CN=C2,C9H7N,DIPPR
BENZO[b]FLUORANTHENE,205-99-2,c12ccccc1cc1c3ccccc3c3c1c2ccc3,C20H12,DIPPR
ACETOL,116-09-6,CC(=O)CO,C3H6O2,DIPPR
DICYANDIAMIDE,461-58-5,N#CNC(=N)N,C2H4N4,DIPPR
3-ETHYL-o-XYLENE,933-98-2,c1(C)c(C)c(CC)ccc1,C10H14,DIPPR
DI-n-NONYL PHTHALATE,84-76-4,c1c(C(=O)OCCCCCCCCC)c(C(=O)OCCCCCCCCC)ccc1,C26H42O4,DIPPR
ISOPIMARIC ACID,5835-26-7,C1C[C@@](C)(C(=O)O)([C@@H]2(CC=C3C[C@](C=C)(C)(CC[C@@H]3([C@@]2(C)(C1))))),C20H30O2,DIPPR
n-DECYLCYCLOHEXANE,1795-16-0,C1CCCCC1(CCCCCCCCCC),C16H32,DIPPR
3-HEPTANOL,589-82-2,CCC(O)CCCC,C7H16O,DIPPR
"2,4,6,8-TETRAOXANONANE",13353-03-2,COCOCOCOC,C5H12O4,DIPPR
4-CHLORO-3-NITROBENZOTRIFLUORIDE,121-17-5,c1(Cl)ccc(C(F)(F)F)cc1([N+]([O-])=O),C7H3ClF3NO2,DIPPR
"1,7-OCTADIENE",3710-30-3,C=CCCCCC=C,C8H14,DIPPR
GLUTARONITRILE,544-13-8,N#CCCCC#N,C5H6N2,DIPPR
cis-1-ETHYL-3-METHYLCYCLOPENTANE,2613-66-3,CC[C@H]1CC[C@H](C1)C,C8H16,DIPPR
4-(2-AMINOETHYL)MORPHOLINE,01/03/2038,N1(CCN)CCOCC1,C6H14N2O,DIPPR
DECAFLUOROBUTANE,355-25-9,FC(F)(F)C(F)(F)C(F)(F)C(F)(F)F,C4F10,DIPPR
DIAMYLAMINE,2050-92-2,CCCCCNCCCCC,C10H23N,DIPPR
"N,N-DIETHYLHYDROXYLAMINE",3710-84-7,CCN(O)CC,C4H11NO,DIPPR
m-DIISOPROPYLBENZENE HYDROPEROXIDE,26762-93-6,c1(C(C)C)cccc(C(OO)(C)C)c1,C12H18O2,DIPPR
HEPTANAL,111-71-7,CCCCCCC=O,C7H14O,DIPPR
PENTAFLUOROETHANE,354-33-6,FC(F)C(F)(F)F,C2HF5,DIPPR
DIETHANOLAMINE,111-42-2,OCCNCCO,C4H11NO2,DIPPR
m-CHLOROPHENOL,108-43-0,c1(O)cc(Cl)ccc1,C6H5ClO,DIPPR
HEXACHLORODISILOXANE,14986-21-1,Cl[Si](Cl)(Cl)O[Si](Cl)(Cl)Cl,Cl6OSi2,DIPPR
"1,6-DIMETHYLINDAN",17059-48-2,CC1CCC2=C1C=C(C=C2)C,C11H14,DIPPR
FUMARIC ACID,110-17-8,OC(=O)/C=C/C(=O)O,C4H4O4,DIPPR
3-NITROBENZOTRIFLUORIDE,98-46-4,c1(C(F)(F)F)cc(N(=O)=O)ccc1,C7H4F3NO2,DIPPR
"1,3-CYCLOHEXADIENE",592-57-4,C1=CC=CCC1,C6H8,DIPPR
"1,5-NAPHTHALENE DIISOCYANATE",3173-72-6,C1=C(C2=C(C=C1)C(=CC=C2)N=C=O)N=C=O,C12H6N2O2,DIPPR
n-TRICOSANE,638-67-5,CCCCCCCCCCCCCCCCCCCCCCC,C23H48,DIPPR
7-METHYL-1-OCTENE,13151-06-9,C=CCCCCC(C)C,C9H18,DIPPR
2-tert-BUTYL-6-PHENYL PHENOL,2416-98-0,Oc1c(cccc1C(C)(C)C)c2ccccc2,C16H18O,DIPPR
CARBON TETRAFLUORIDE,75-73-0,FC(F)(F)F,CF4,DIPPR
ETHYLTRICHLOROSILANE,115-21-9,CC[Si](Cl)(Cl)Cl,C2H5Cl3Si,DIPPR
DIMETHYLACETYLENE,503-17-3,CC#CC,C4H6,DIPPR
METHYL FORMATE,107-31-3,COC(=O),C2H4O2,DIPPR
MONOMETHYL UREA,598-50-5,NC(=O)NC,C2H6N2O,DIPPR
GUAIACOL,01/05/1990,c1(O)ccccc1(OC),C7H8O2,DIPPR
m-TOLUALCOHOL,587-03-1,C(c1cc(C)ccc1)O,C8H10O,DIPPR
n-BUTYL NONANOATE,50623-57-9,CCCCCCCCC(=O)OCCCC,C13H26O2,DIPPR
3-METHYL-3-ETHYLPENTANE,1067-08-9,CCC(C)(CC)CC,C8H18,DIPPR
ETHYLTHIOETHANOL,110-77-0,OCCSCC,C4H10OS,DIPPR
OCTADECAMETHYLOCTASILOXANE,556-69-4,C[Si](C)(C)O[Si](C)(C)O[Si](C)(C)O[Si](C)(C)O[Si](C)(C)O[Si](C)(C)O[Si](C)(C)O[Si](C)(C)C,C18H54O7Si8,DIPPR
DI-n-BUTYL SULFIDE,544-40-1,CCCCSCCCC,C8H18S,DIPPR
CYANOGEN,460-19-5,N#CC#N,C2N2,DIPPR
"trans-1,2-DIMETHYLCYCLOHEXANE",6876-23-9,C1[C@](C)([H])([C@]([H])(C)(CCC1)),C8H16,DIPPR
3-METHOXYPROPIONITRILE,110-67-8,COCCC#N,C4H7NO,DIPPR
n-PENTYLBENZENE,538-68-1,c1ccccc1(CCCCC),C11H16,DIPPR
DIMETHYL DISULFIDE,624-92-0,CSSC,C2H6S2,DIPPR
"2,2,4-TRIMETHYL-1,3-PENTANEDIOL DIISOBUTYRATE",6846-50-0,CC(C)C(=O)OCC(C)(C)C(C(C)(C))OC(=O)C(C)(C),C16H30O4,DIPPR
alpha-PHELLANDRENE,99-83-2,CC(C)C1C=CC(C)=CC1,C10H16,DIPPR
PROPANESULFONYL CHLORIDE,10147-36-1,CCCS(=O)(=O)Cl,C3H7ClO2S,DIPPR
ETHYL ACETATE,141-78-6,CC(=O)OCC,C4H8O2,DIPPR
"1,2-BENZENEDICARBOXYLIC ACID, HEPTYL, NONYL ESTER",19295-81-9,CCCCCCCCCOC(=O)c1ccccc1C(=O)OCCCCCCC,C24H38O4,DIPPR
ETHYL n-HEXYL ETHER,5756-43-4,CCOCCCCCC,C8H18O,DIPPR
PHENANTHRENE,08/01/1985,C1=CC2=C(C=C1)C1=C(C=CC=C1)C=C2,C14H10,DIPPR
PROPYLENE GLYCOL MONOALLYL ETHER,21460-36-6,C=CCOCC(O)C,C6H12O2,DIPPR
"2,2,4,4,6,8,8-HEPTAMETHYLNONANE",09/04/4390,CC(C)(C)CC(C)(C)CC(C)CC(C)(C)C,C16H34,DIPPR
WATER,7732-18-5,O,H2O,DIPPR
LEVOGLUCOSAN,498-07-7,C1C2C(C(C(C(O1)O2)O)O)O,C6H10O5,DIPPR
2-ETHYL-1-HEXANOL,104-76-7,OCC(CC)CCCC,C8H18O,DIPPR
1-CHLORO-2-PROPANOL,127-00-4,CC(O)CCl,C3H7ClO,DIPPR
HEXAMETHYLDISILAZANE,999-97-3,C[Si](C)(C)N[Si](C)(C)C,C6H19NSi2,DIPPR
TRIETHYL ORTHOFORMATE,122-51-0,CCOC(OCC)OCC,C7H16O3,DIPPR
N-METHYLPYRROLE,96-54-8,n1(C)cccc1,C5H7N,DIPPR
METHYLACETYLENE,74-99-7,CC#C,C3H4,DIPPR
"1,2-EPOXY-3-PHENOXYPROPANE",122-60-1,C(Oc1ccccc1)C2CO2,C9H10O2,DIPPR
5-METHYLNONANE,15869-85-9,CCCCC(C)CCCC,C10H22,DIPPR
1-UNDECANOL,112-42-5,CCCCCCCCCCCO,C11H24O,DIPPR
"1,2-DICHLOROBUTANE",616-21-7,C(Cl)C(Cl)CC,C4H8Cl2,DIPPR
2-PHENYLETHANOL,08/12/1960,C(c1ccccc1)CO,C8H10O,DIPPR
"2,3-DIMETHYLUNDECANE",17312-77-5,CC(C)C(C)CCCCCCCC,C13H28,DIPPR
"2,4-DIMETHYL-3-ETHYLPENTANE",1068-87-7,CC(C)C(CC)C(C)C,C9H20,DIPPR
"2,5-DIMETHYLFURAN",625-86-5,Cc1ccc(C)o1,C6H8O,DIPPR
ANTIMONY TRICHLORIDE,10025-91-9,[Cl-].[Sb+++].[Cl-][Cl-],Cl3Sb,DIPPR
PERACETIC ACID,79-21-0,OOC(=O)C,C2H4O3,DIPPR
ISOPROPYL MERCAPTAN,75-33-2,CC(S)C,C3H8S,DIPPR
"2,4,6-TRIMETHYLPYRIDINE",108-75-8,n1c(C)cc(C)cc1(C),C8H11N,DIPPR
DI-n-OCTYLAMINE,1120-48-5,CCCCCCCCNCCCCCCCC,C16H35N,DIPPR
OXAZOLE,288-42-6,O1C=NC=C1,C3H3NO,DIPPR
TRICAPRIN,621-71-6,CCCCCCCCCC(=O)OCC(COC(=O)CCCCCCCCC)OC(=O)CCCCCCCCC,C33H62O6,DIPPR
tert-OCTYL MERCAPTAN,141-59-3,CC(S)(C)CC(C)(C)C,C8H18S,DIPPR
2-(alpha-METHYLBENZYLOXY)-1-PROPANOL,857237-25-3,c1(C(C)OC(C)CO)ccccc1,C11H16O2,DIPPR
LACTONITRILE,78-97-7,CC(O)C#N,C3H5NO,DIPPR
"1,2-DICHLOROPROPANE",78-87-5,C(Cl)C(Cl)C,C3H6Cl2,DIPPR
n-DODECANOIC ACID,143-07-7,CCCCCCCCCCCC(=O)O,C12H24O2,DIPPR
TETRAFLUOROETHYLENE,116-14-3,FC(F)=C(F)F,C2F4,DIPPR
trans-2-HEPTENE,14686-13-6,C/C=C/CCCC,C7H14,DIPPR
PHOSPHORUS THIOCHLORIDE,3982-91-0,ClP(=S)(Cl)Cl,Cl3PS,DIPPR
PROPARGYL CHLORIDE,624-65-7,C#CCCl,C3H3Cl,DIPPR
PHOSPHOROUS ACID,13598-36-2,P(=O)(O)O,H3O3P,DIPPR
TRIMELLITIC ANHYDRIDE,552-30-7,c1c(C(=O)O)cc2C(=O)OC(=O)c2c1,C9H4O5,DIPPR
ISOPROPYL ACETATE,108-21-4,CC(=O)OC(C)C,C5H10O2,DIPPR
p-ETHYLSTYRENE,07/07/3454,C=CC1=CC=C(CC)C=C1,C10H12,DIPPR
2-HEXYNE,764-35-2,CC#CCCC,C6H10,DIPPR
trans-3-HEPTENE,14686-14-7,CC/C=C/CCC,C7H14,DIPPR
n-DOTRIACONTANE,544-85-4,CCCCCCCCCCCCCCCCCCCCCCCCCCCCCCCC,C32H66,DIPPR
1-DOCOSENE,1599-67-3,C=CCCCCCCCCCCCCCCCCCCCC,C22H44,DIPPR
ANILINE,62-53-3,c1(N)ccccc1,C6H7N,DIPPR
TRIMETHYLCHLOROSILANE,75-77-4,C[Si](C)(Cl)C,C3H9ClSi,DIPPR
DIMERCAPTOETHYL ETHER,09/02/2150,SCCOCCS,C4H10OS2,DIPPR
trans-2-NONENE,6434-78-2,C/C=C/CCCCCC,C9H18,DIPPR
DIISOPROPYL ETHER,108-20-3,CC(C)OC(C)C,C6H14O,DIPPR
3-METHYL SULFOLANE,872-93-5,S1(=O)(=O)CCC(C)C1,C5H10O2S,DIPPR
trans-3-PENTEN-2-ONE,3102-33-8,O=C(C)C=CC,C5H8O,DIPPR
"N,N-DIMETHYLANILINE",121-69-7,c1(N(C)C)ccccc1,C8H11N,DIPPR
NICKEL SULFATE,7786-81-4,[Ni+2].S(=O)(=O)([O-])[O-],NiSO4,DIPPR
1-METHYLIMIDAZOLE,616-47-7,N(C=CN1C)=C1,C4H6N2,DIPPR
ACROLEIN CYANOHYDRIN,5809-59-6,N#CC(O)C=C,C4H5NO,DIPPR
POTASSIUM CHLORIDE,7447-40-7,[K+].[Cl-],ClK,DIPPR
1-DODECENE,112-41-4,C=CCCCCCCCCCC,C12H24,DIPPR
2-METHYLNAPHTHALENE,91-57-6,c1c(C)ccc2ccccc21,C11H10,DIPPR
DIISOBUTYLALUMINUM CHLORIDE,1779-25-5,CC(C)C[Al](Cl)CC(C)C,C8H18AlCl,DIPPR
MONOCHLOROSILANE,13465-78-6,Cl[SiH3],ClH3Si,DIPPR
8-METHYL-1-NONANOL,55505-26-5,CC(C)CCCCCCCO,C10H22O,DIPPR
"1,3,5-TRIETHYLBENZENE",102-25-0,c1(CC)cc(CC)cc(CC)c1,C12H18,DIPPR
TARTARIC ACID,133-37-9,OC(=O)[C@](O)([H])([C@@]([H])(C(=O)O)(O)),C4H6O6,DIPPR
TRICHLOROACETIC ACID,09/03/1976,C(Cl)(Cl)(Cl)C(=O)O,C2HCl3O2,DIPPR
"2,6-DIMETHYL-4-HEPTANOL",108-82-7,CC(C)CC(O)CC(C)C,C9H20O,DIPPR
"2,4-DIISOPROPYLTOLUENE",1460-98-6,c1c(ccc(c1C(C)C)C)C(C)C,C13H20,DIPPR
METHYLAL,109-87-5,COCOC,C3H8O2,DIPPR
sec-BUTYL ACETATE,105-46-4,CC(=O)OC(C)CC,C6H12O2,DIPPR
"2-METHYL-1,3-PROPANEDIOL",2163-42-0,OCC(C)CO,C4H10O2,DIPPR
DIETHYL SUCCINATE,123-25-1,CCOC(=O)CCC(=O)OCC,C8H14O4,DIPPR
HEXYLENE GLYCOL,107-41-5,CC(O)(C)CC(O)C,C6H14O2,DIPPR
"2,4-XYLENOL",105-67-9,c1c(O)c(C)cc(C)c1,C8H10O,DIPPR
TRIETHYLENE GLYCOL n-PROPYL ETHER,23305-64-8,OCCOCCOCCOCCC,C9H20O4,DIPPR
trans-DECAHYDRONAPHTHALENE,493-02-7,C1C[C@@]2(CCCC[C@]2(CC1)([H]))([H]),C10H18,DIPPR
CYCLOPENTYLACETIC ACID,1123-00-8,C1CCCC1(CC(=O)O),C7H12O2,DIPPR
PHENYLMETHYLDICHLOROSILANE,149-74-6,c1ccccc1([Si](Cl)(Cl)C),C7H8Cl2Si,DIPPR
N-(2-HYDROXYETHYL)PIPERAZINE,103-76-4,C1CNCCN1(CCO),C6H14N2O,DIPPR
"cis-1,3-DICHLOROPROPENE",10061-01-5,C(Cl)/C=CCl,C3H4Cl2,DIPPR
2-ETHYL-p-XYLENE,1758-88-9,c1(C)c(CC)cc(C)cc1,C10H14,DIPPR
"3,4-XYLENOL",95-65-8,c1c(O)cc(C)c(C)c1,C8H10O,DIPPR
GLYCEROL,56-81-5,OCC(O)CO,C3H8O3,DIPPR
2-ETHYLHEXYL ACETATE,103-09-3,CC(=O)OCC(CC)CCCC,C10H20O2,DIPPR
2-PENTOXYETHANOL,6196-58-3,CCCCCOCCO,C7H16O2,DIPPR
"2,3-DIMETHYL-1-BUTENE",563-78-0,C=C(C)C(C)C,C6H12,DIPPR
cis-CROTONITRILE,1190-76-7,C/C=CC#N,C4H5N,DIPPR
SYRINGOL,01/10/1991,O(c(c(O)c(OC)cc1)c1)C,C8H10O3,DIPPR
1-(4-ETHYLPHENYL)-2-(4-ETHYLPHENYL)ETHANE,51526-06-8,CCc1ccc(CCc2ccc(CC)cc2)cc1,C18H22,DIPPR
n-NONADECANOIC ACID,646-30-0,CCCCCCCCCCCCCCCCCCC(=O)O,C19H38O2,DIPPR
n-DECANE,124-18-5,CCCCCCCCCC,C10H22,DIPPR
SUCCINIMIDE,123-56-8,N1C(=O)CCC1(=O),C4H5NO2,DIPPR
THIACYCLOPROPANE,420-12-2,S1CC1,C2H4S,DIPPR
D-MANNOSE,7296-15-3,C([C@H]1[C@@H]([C@H]([C@H]([C@@H](O1)O)O)O)O)O,C6H12O6,DIPPR
METHYL SILICATE,681-84-5,CO[Si](OC)(OC)OC,C4H12O4Si,DIPPR
BIS-(2-AMINOETHYL)ETHER,2752-17-2,NCCOCCN,C4H12N2O,DIPPR
DI-n-BUTYL SULFATE,625-22-9,CCCCOS(=O)(=O)OCCCC,C8H18O4S,DIPPR
BORON TRICHLORIDE,10294-34-5,ClB(Cl)Cl,BCl3,DIPPR
PHENYLHYDRAZINE,100-63-0,c1(NN)ccccc1,C6H8N2,DIPPR
"1,1,2,2-TETRABROMOETHANE",79-27-6,BrC(Br)C(Br)Br,C2H2Br4,DIPPR
N-METHYLACETAMIDE,79-16-3,CC(=O)NC,C3H7NO,DIPPR
1-METHYL-3-(METHYLETHOXY)BENZENE,19177-04-9,c1c(C)cc(OC(C)C)cc1,C10H14O,DIPPR
4-METHYLHEPTANE,589-53-7,CCCC(C)CCC,C8H18,DIPPR
trans-2-DODECENE,7206-13-5,C/C=C/CCCCCCCCC,C12H24,DIPPR
n-HEXANE,110-54-3,CCCCCC,C6H14,DIPPR
"1,1,1,3,3-PENTAFLUOROBUTANE",406-58-6,CC(F)(F)CC(F)(F)F,C4H5F5,DIPPR
1-TRIACONTENE,18435-53-5,C=CCCCCCCCCCCCCCCCCCCCCCCCCCCCC,C30H60,DIPPR
"1,1-DIBROMOETHANE",557-91-5,CC(Br)Br,C2H4Br2,DIPPR
2-NONANONE,821-55-6,CC(=O)CCCCCCC,C9H18O,DIPPR
TETRAHYDROFURFURYL ALCOHOL,97-99-4,OCC1OCCC1,C5H10O2,DIPPR
SILANE,7803-62-5,[SiH4],H4Si,DIPPR
"3-CHLORO-1,2-PROPANEDIOL",96-24-2,ClCC(O)CO,C3H7ClO2,DIPPR
p-XYLENE,106-42-3,c1(C)ccc(C)cc1,C8H10,DIPPR
2-METHYL-1-HEXANOL,624-22-6,OCC(C)CCCC,C7H16O,DIPPR
"3,4-DIMETHYLTHIOPHENE",632-15-5,CC1=CSC=C1C,C6H8S,DIPPR
HYDRAZOBENZENE,122-66-7,c1ccccc1NNc2ccccc2,C12H12N2,DIPPR
1-HEXANOL,111-27-3,CCCCCCO,C6H14O,DIPPR
DIPHENYLACETYLENE,501-65-5,c1ccccc1C#Cc2ccccc2,C14H10,DIPPR
2-METHYL-DODECAN-1-OL,22663-61-2,CCCCCCCCCCC(C)CO,C13H28O,DIPPR
"2,2,4,4-TETRAMETHYL-1,3-CYCLOBUTANEDIOL",3010-96-6,OC1C(C)(C)C(O)C1(C)C,C8H16O2,DIPPR
"PIPERAZINE-2,5-DIONE",106-57-0,O=C(NCC(=O)N1)C1,C4H6N2O2,DIPPR
"N,N-DIMETHYLACETAMIDE",127-19-5,CC(=O)N(C)C,C4H9NO,DIPPR
METHYL MYRISTATE,124-10-7,COC(=O)CCCCCCCCCCCCC,C15H30O2,DIPPR
1-BROMONAPHTHALENE,09/11/1990,c12ccccc1cccc2(Br),C10H7Br,DIPPR
IODINE,7553-56-2,II,I2,DIPPR
PHOSPHORUS TRIFLUORIDE,7783-55-3,P(F)(F)F,F3P,DIPPR
3-ETHYL-1-HEPTANOL,3525-25-5,CCCCC(CC)CCO,C9H20O,DIPPR
1-n-PENTYLNAPHTHALENE,86-89-5,c1(CCCCC)cccc(cccc2)c12,C15H18,DIPPR
3-ETHYLHEPTANE,15869-80-4,CCC(CC)CCCC,C9H20,DIPPR
THIODIGLYCOL,111-48-8,OCCSCCO,C4H10O2S,DIPPR
"(Z)-1,3-DICHLORO-2-BUTENE",10075-38-4,ClC/C=C(C)Cl,C4H6Cl2,DIPPR
cis-2-DODECENE,7206-26-0,C/C=CCCCCCCCCC,C12H24,DIPPR
"2,3-EPOXY-1-PROPANOL",556-52-5,OCC1CO1,C3H6O2,DIPPR
DIETHYL DISULFIDE,110-81-6,CCSSCC,C4H10S2,DIPPR
DIETHYL OXALATE,95-92-1,CCOC(=O)C(=O)OCC,C6H10O4,DIPPR
"1,2,3,5-TETRAETHYLBENZENE",38842-05-6,c1(CC)c(CC)c(CC)cc(CC)c1,C14H22,DIPPR
"2,4-DIMETHYLHEXANE",589-43-5,CC(C)CC(C)CC,C8H18,DIPPR
SODIUM CYANIDE,143-33-9,[Na+].[C-]#N,CNNa,DIPPR
"trans-3,5-DIMETHOXYSTILBENE",21956-56-9,c1ccccc1/C=C/c2cc(OC)cc(OC)c2,C16H16O2,DIPPR
BENZOTRICHLORIDE,07/07/1998,c1ccccc1(C(Cl)(Cl)(Cl)),C7H5Cl3,DIPPR
3-OCTANONE,106-68-3,CCC(=O)CCCCC,C8H16O,DIPPR
cis-CROTONALDEHYDE,15798-64-8,C/C=CC=O,C4H6O,DIPPR
VINYLCYCLOHEXENE,100-40-3,C1=CCC(C=C)CC1,C8H12,DIPPR
GERMANIUM TETRACHLORIDE,10038-98-9,[Ge](Cl)(Cl)(Cl)Cl,Cl4Ge,DIPPR
ISOPENTANE,78-78-4,CC(C)CC,C5H12,DIPPR
HEXAMETHYLCYCLOTRISILOXANE,541-05-9,O1[Si](C)(C)O[Si](C)(C)O[Si]1(C)(C),C6H18O3Si3,DIPPR
ETHYL tert-PENTYL ETHER,919-94-8,CCC(C)(C)OCC,C7H16O,DIPPR
2-METHYL-1-NONENE,2980-71-4,C=C(C)CCCCCCC,C10H20,DIPPR
TRIETHYL ESTER PHOSPHOROUS ACID,122-52-1,P(OCC)(OCC)OCC,C6H15O3P,DIPPR
ACENAPHTHALENE,208-96-8,C1=C2C3=C(C=C1)C=CC=C3C=C2,C12H8,DIPPR
TIN(IV) CHLORIDE,7646-78-8,[Sn](Cl)(Cl)(Cl)(Cl),Cl4Sn,DIPPR
m-CHLOROANILINE,108-42-9,c1(N)cc(Cl)ccc1,C6H6ClN,DIPPR
DIETHYLENE GLYCOL MONOPROPYL ETHER,6881-94-3,CCCOCCOCCO,C7H16O3,DIPPR
TRIETHYLENEDIAMINE,280-57-9,N1(CC2)CCN2CC1,C6H12N2,DIPPR
ISOBUTYLAMINE,78-81-9,CC(C)CN,C4H11N,DIPPR
cis-2-PENTENE,627-20-3,C/C=CCC,C5H10,DIPPR
CHLOROSULFONIC ACID,7790-94-5,ClS(=O)(=O)O,ClHO3S,DIPPR
ADAMANTANE,281-23-2,C1C2CC3CC1CC(C2)C3,C10H16,DIPPR
ACETYL CHLORIDE,75-36-5,CC(=O)Cl,C2H3ClO,DIPPR
1-METHYL-3-HYDROXY-6-ISOPROPYL BENZENE,02/02/3228,c1(C)c(C(C)(C))ccc(O)c1,C10H14O,DIPPR
PROPARGYL ALCOHOL,107-19-7,OCC#C,C3H4O,DIPPR
n-HEPTYL FORMATE,112-23-2,CCCCCCCOC=O,C8H16O2,DIPPR
m-CRESOL,108-39-4,c1(O)cc(C)ccc1,C7H8O,DIPPR
1-METHYLCYCLOHEXANOL,590-67-0,OC1(C)CCCCC1,C7H14O,DIPPR
CAMPHENE,79-92-5,C1(C)(C)C(=C)C(C2)CCC12,C10H16,DIPPR
3-HEXANOL,623-37-0,CCC(O)CCC,C6H14O,DIPPR
DIETHYLENE GLYCOL MONOBUTYL ETHER ACETATE,124-17-4,CCCCOCCOCCOC(=O)C,C10H20O4,DIPPR
METHYLTRIACETOXYSILANE,4253-34-3,[Si](C)(OC(=O)C)(OC(=O)C)OC(=O)C,C7H12O6Si,DIPPR
TRI-n-HEPTYL TRIMELLITATE,1528-48-9,CCCCCCCOC(=O)c1cc(C(=O)OCCCCCCC)ccc1(C(=O)OCCCCCCC),C30H48O6,DIPPR
1-METHYLTETRALIN,1559-81-5,C1C(C)c2ccccc2CC1,C11H14,DIPPR
"2,2-DIMETHYLBUTANE",75-83-2,CC(C)(C)CC,C6H14,DIPPR
DICHLOROACETIC ACID,79-43-6,ClC(Cl)C(=O)O,C2H2Cl2O2,DIPPR
FLUORANTHENE,206-44-0,C1=CC2=C(C=C1)C1=CC=CC3=C1C2=CC=C3,C16H10,DIPPR
"1,5-CYCLOOCTADIENE",111-78-4,C1=CCCC=CCC1,C8H12,DIPPR
TRIETHYL PHOSPHATE,78-40-0,CCOP(=O)(OCC)OCC,C6H15O4P,DIPPR
MERCURY,7439-97-6,[Hg],Hg,DIPPR
TRI-n-BUTYLAMINE,102-82-9,CCCCN(CCCC)CCCC,C12H27N,DIPPR
2-METHYL-2-PENTENE,625-27-4,CC(C)=CCC,C6H12,DIPPR
alpha-METHYLBENZYL ALCOHOL FORMATE,7775-38-4,c1ccccc1C(C)OC=O,C9H10O2,DIPPR
NAPHTHACENE,92-24-0,C1=CC2=C(C=C1)C=C1C(=C2)C=C2C(=C1)C=CC=C2,C18H12,DIPPR
"2,3-DIMETHYLDECANE",17312-44-6,CC(C)C(C)CCCCCCC,C12H26,DIPPR
CHLOROACETIC ACID,08/11/1979,ClCC(=O)O,C2H3ClO2,DIPPR
n-HEXANOIC ACID,142-62-1,CCCCCC(=O)O,C6H12O2,DIPPR
VANILLIN,121-33-5,c1(O)c(OC)cc(C=O)cc1,C8H8O3,DIPPR
PYROMELLITIC ACID,04/05/1989,c1(C(=O)O)c(C(=O)O)cc(C(=O)O)c(C(=O)O)c1,C10H6O8,DIPPR
4-tert-BUTYLTOLUENE,98-51-1,Cc1ccc(C(C)(C)C)cc1,C11H16,DIPPR
DIISOOCTYL PHTHALATE,27554-26-3,c1cc(C(=O)OCCCCCC(C)C)c(C(=O)OCCCCCC(C)C)cc1,C24H38O4,DIPPR
"2-CHLORO-1,1,1,2-TETRAFLUOROETHANE",2837-89-0,FC(F)(F)C(F)Cl,C2HClF4,DIPPR
3-METHYL-1-BUTYNE,598-23-2,C#CC(C)C,C5H8,DIPPR
3-(METHYLMERCAPTO)PROPANAL,3268-49-3,CSCCC=O,C4H8OS,DIPPR
HEXAMETHYLENETETRAMINE,100-97-0,C1N2CN3CN1CN(C3)C2,C6H12N4,DIPPR
m-ETHYLPHENOL,620-17-7,c1(O)cc(CC)ccc1,C8H10O,DIPPR
ISOPHORONE,78-59-1,C1C(=O)C=C(C)CC1(C)(C),C9H14O,DIPPR
"2,6-DIMETHYLPYRIDINE",108-48-5,n1c(C)cccc1(C),C7H9N,DIPPR
DIMETHYLCHLOROSILANE,1066-35-9,C[SiH](C)(Cl),C2H7ClSi,DIPPR
PENTAERYTHRITOL,115-77-5,OCC(C(O))(C(O))CO,C5H12O4,DIPPR
CHLOROTRIFLUOROMETHANE,75-72-9,ClC(F)(F)F,CClF3,DIPPR
CHLOROACETALDEHYDE,107-20-0,ClCC(=O),C2H3ClO,DIPPR
AMINOACETONITRILE,540-61-4,N#CCN,C2H4N2,DIPPR
FORMANILIDE,103-70-8,c1ccccc1NC=O,C7H7NO,DIPPR
o-ETHYLANILINE,578-54-1,c1(N)c(CC)cccc1,C8H11N,DIPPR
3-METHYL-2-BUTANOL,598-75-4,CC(O)C(C)C,C5H12O,DIPPR
4-METHOXYPHENYLACETIC ACID,104-01-8,c1(CC(=O)O)ccc(OC)cc1,C9H10O3,DIPPR
ETHYL CAPRATE,110-38-3,O=C(OCC)CCCCCCCCC,C12H24O2,DIPPR
p-DICHLOROBENZENE,106-46-7,c1cc(Cl)ccc1(Cl),C6H4Cl2,DIPPR
DIETHYLENE GLYCOL,111-46-6,OCCOCCO,C4H10O3,DIPPR
"4,4'-DIISOPROPYLBIPHENYL",18970-30-4,C1(=CC=C(C=C1)C(C)C)C2=CC=C(C=C2)C(C)C,C18H22,DIPPR
METHYL GLYCOLATE,96-35-5,COC(=O)CO,C3H6O3,DIPPR
TRIACETONE ALCOHOL,3682-91-5,CC(C)(O)CC(=O)CC(C)(O)C,C9H18O3,DIPPR
p-ETHYLPHENOL,123-07-9,c1(O)ccc(CC)cc1,C8H10O,DIPPR
3-MERCAPTOPROPIONIC ACID,107-96-0,SCCC(=O)O,C3H6O2S,DIPPR
1-METHYL-2-n-PROPYLBENZENE,1074-17-5,c1(C)c(CCC)cccc1,C10H14,DIPPR
DIGLYCOLIC ACID,110-99-6,OC(=O)COCC(=O)O,C4H6O5,DIPPR
BICYCLOHEXYL,92-51-3,C1CCCCC1C2CCCCC2,C12H22,DIPPR
trans-1-ETHYL-3-METHYLCYCLOPENTANE,2613-65-2,CC[C@H]1CC[C@@H](C1)C,C8H16,DIPPR
TRIFLUOROMETHYL TRIFLUOROVINYL ETHER,1187-93-5,FC(F)(F)OC(F)=C(F)F,C3F6O,DIPPR
"1,1,2-TRICHLOROTRIFLUOROETHANE",76-13-1,ClC(Cl)(F)C(F)(F)Cl,C2Cl3F3,DIPPR
"2,6-DINITROTOLUENE",606-20-2,c1c([N+](=O)[O-])c(C)c([N+](=O)[O-])cc1,C7H6N2O4,DIPPR
5-METHYL-1-HEXANOL,627-98-5,OCCCCC(C)C,C7H16O,DIPPR
VINYLNORBORNENE,3048-64-4,C1(CC2C=CC1C2)C=C,C9H12,DIPPR
TETRANITROMETHANE,509-14-8,[N+](=O)([O-])C([N+](=O)[O-])([N+](=O)[O-])[N+](=O)[O-],CN4O8,DIPPR
DICHLOROFLUOROMETHANE,75-43-4,ClC(F)Cl,CHCl2F,DIPPR
DIISOBUTYL KETONE,108-83-8,CC(C)CC(=O)CC(C)C,C9H18O,DIPPR
CYCLOHEXYLAMINE,108-91-8,C1(N)CCCCC1,C6H13N,DIPPR
"DIMETHYL-1,4-CYCLOHEXANEDICARBOXYLATE",94-60-0,COC(=O)C1CCC(C(=O)OC)CC1,C10H16O4,DIPPR
DIMETHYL TEREPHTHALATE,120-61-6,c1c(C(=O)OC)ccc(C(=O)OC)c1,C10H10O4,DIPPR
n-OCTADECYLBENZENE,02/07/4445,c1(CCCCCCCCCCCCCCCCCC)ccccc1,C24H42,DIPPR
"cis-2-BUTENE-1,4-DIOL",6117-80-2,OC/C=CCO,C4H8O2,DIPPR
n-HEXYL ACETATE,142-92-7,CCCCCCOC(=O)C,C8H16O2,DIPPR
n-PENTYLCYCLOPENTANE,02/01/3741,CCCCCC1CCCC1,C10H20,DIPPR
m-TERPHENYL,08/06/1992,c1ccccc1(c2cc(c3ccccc3)ccc2),C18H14,DIPPR
METHYL CHLORIDE,74-87-3,C[Cl],CH3Cl,DIPPR
FLUOROBENZENE,462-06-6,c1(F)ccccc1,C6H5F,DIPPR
n-BUTYL VALERATE,591-68-4,CCCCC(=O)OCCCC,C9H18O2,DIPPR
METHYL SILANE,992-94-9,C[SiH3],CH6Si,DIPPR
"N,N'-BIS(2-HYDROXYETHYL)ETHYLENEDIAMINE",4439-20-7,OCCNCCNCCO,C6H16N2O2,DIPPR
2-BUTOXYETHANOL,111-76-2,CCCCOCCO,C6H14O2,DIPPR
1-BROMOBUTANE,109-65-9,CCCCBr,C4H9Br,DIPPR
2-METHYL-3-ETHYLPENTANE,609-26-7,CC(C)C(CC)CC,C8H18,DIPPR
ETHYLENE GLYCOL MONOBUTYL ETHER ACETATE,112-07-2,CC(=O)OCCOCCCC,C8H16O3,DIPPR
trans-2-DECENE,20063-97-2,C/C=C/CCCCCCC,C10H20,DIPPR
ANETHOLE,104-46-1,CC=Cc1ccc(OC)cc1,C10H12O,DIPPR
2-NITROPROPANE,79-46-9,CC([N+](=O)[O-])C,C3H7NO2,DIPPR
2-CHLOROETHANOL,107-07-3,ClCCO,C2H5ClO,DIPPR
"1,4-DIOXANE",123-91-1,C1OCCOC1,C4H8O2,DIPPR
TRIAMYLAMINE,621-77-2,CCCCCN(CCCCC)CCCCC,C15H33N,DIPPR
tert-BUTYLCYCLOHEXANE,3178-22-1,C1CCCCC1C(C)(C)C,C10H20,DIPPR
METHYL DICHLOROSILANE,75-54-7,C[SiH](Cl)Cl,CH4Cl2Si,DIPPR
"2,2,3-TRIMETHYLBUTANE",464-06-2,CC(C)(C)C(C)C,C7H16,DIPPR
METHYL MERCAPTAN,74-93-1,CS,CH4S,DIPPR
SALICYLIC ACID PHENYL ESTER,118-55-8,O=C(Oc2ccccc2)c1c(O)cccc1,C13H10O3,DIPPR
2-ETHOXYETHYL ACETATE,111-15-9,CC(=O)OCCOCC,C6H12O3,DIPPR
1-METHYL-3-HYDROXY-5-ISOPROPYL BENZENE,03/03/3228,c1(C)cc(C(C)(C))cc(O)c1,C10H14O,DIPPR
"cis-1,3-DIMETHYLCYCLOPENTANE",2532-58-3,C1[C@@](C)([H])(C[C@]([H])(C)(C1)),C7H14,DIPPR
2-ETHYLBENZOTHIOPHENE,1196-81-2,c1cccc(cc(CC)s2)c21,C10H10S,DIPPR
1-TETRADECANOL,112-72-1,CCCCCCCCCCCCCCO,C14H30O,DIPPR
DIETHYLAMINE,109-89-7,CCNCC,C4H11N,DIPPR
MALTOL,118-71-8,CC1=C(C(=O)C=CO1)O,C6H6O3,DIPPR
2-FORMYL BENZOIC ACID,119-67-5,c1(C(=O)O)c(C=O)cccc1,C8H6O3,DIPPR
n-OCTYLAMINE,111-86-4,CCCCCCCCN,C8H19N,DIPPR
2-METHYLPENTANE,107-83-5,CC(C)CCC,C6H14,DIPPR
VINYLTRICHLOROSILANE,75-94-5,C=C[Si](Cl)(Cl)Cl,C2H3Cl3Si,DIPPR
AIR,132259-10-0,,MIXTURE,DIPPR
CALCIUM OXIDE,1305-78-8,[Ca]=O,CaO,DIPPR
cis-2-METHYLCYCLOHEXANOL,7443-70-1,C1[C@](O)([H])([C@](C)([H])(CCC1)),C7H14O,DIPPR
2-n-PROPYLTHIOPHENE,1551-27-5,S1C=CC=C1(CCC),C7H10S,DIPPR
3-(TRIETHOXYSILYL)PROPIONITRILE,919-31-3,N#CCC[Si](OCC)(OCC)(OCC),C9H19NO3Si,DIPPR
PERFLUORO-n-PENTANE,678-26-2,C(F)(F)(F)C(F)(F)C(F)(F)C(F)(F)C(F)(F)(F),C5F12,DIPPR
DIALLYLAMINE,124-02-7,C=CCNCC=C,C6H11N,DIPPR
5-o-TOLYL-2-PENTENE,6047-69-4,C1(CCC=CC)=CC=CC=C1C,C12H16,DIPPR
n-PROPYL MERCAPTAN,107-03-9,CCCS,C3H8S,DIPPR
n-PENTYL MERCAPTAN,110-66-7,CCCCCS,C5H12S,DIPPR
METHYL ETHYL KETONE,78-93-3,CC(=O)CC,C4H8O,DIPPR
ISOXAZOLE,288-14-2,C1=CON=C1,C3H3NO,DIPPR
"1,2-BENZENEDIOL",120-80-9,c1(O)c(O)cccc1,C6H6O2,DIPPR
o-ISOPROPYLPHENOL,88-69-7,CC(C)c1ccccc1O,C9H12O,DIPPR
TRIPHENYLPHOSPHINE,603-35-0,P(c1ccccc1)(c2ccccc2)(c3ccccc3),C18H15P,DIPPR
AMMONIUM SULFIDE,12135-76-1,[NH4]S[NH4],H8N2S,DIPPR
tert-BUTYL FORMATE,762-75-4,CC(C)(C)OC=O,C5H10O2,DIPPR
iso-BUTYLCYCLOHEXANE,1678-98-4,C1CCCCC1CC(C)C,C10H20,DIPPR
DI(2-CHLOROETHYL)ETHER,111-44-4,ClCCOCCCl,C4H8Cl2O,DIPPR
n-DECYL MERCAPTAN,143-10-2,CCCCCCCCCCS,C10H22S,DIPPR
DIETHYLSULFITE,623-81-4,CCOS(=O)OCC,C4H10O3S,DIPPR
"1,3-DICHLORO-2-PROPANOL",96-23-1,ClCC(O)CCl,C3H6Cl2O,DIPPR
2-PHENYL-2-PROPANOL,617-94-7,c1ccccc1(C(C)(C)O),C9H12O,DIPPR
"2,6-XYLENOL",576-26-1,c1(C)c(O)c(C)ccc1,C8H10O,DIPPR
"1,2,3-TRIMETHYL-4-ETHYLBENZENE",61827-86-9,c1(C)c(C)c(C)c(CC)cc1,C11H16,DIPPR
DIISOPROPYL SULFIDE,625-80-9,CC(C)SC(C)C,C6H14S,DIPPR
ACETALDEHYDE,75-07-0,CC=O,C2H4O,DIPPR
"p,alpha-DIMETHYLBENZYL ALCOHOL",536-50-5,c1(C)ccc(C(O)(C))cc1,C9H12O,DIPPR
n-UNDECYLBENZENE,6742-54-7,c1ccccc1(CCCCCCCCCCC),C17H28,DIPPR
n-DECYLBENZENE,104-72-3,c1(CCCCCCCCCC)ccccc1,C16H26,DIPPR
CAMPHOR,76-22-2,C1C(=O)[C@@]2(C)(CCC1C2(C)(C)),C10H16O,DIPPR
3-METHYL-2-PENTANONE,565-61-7,CC(=O)C(C)CC,C6H12O,DIPPR
1-tert-BUTYL GLYCERIN,74338-98-0,OC(CO)COC(C)(C)C,C7H16O3,DIPPR
PROPYLENE,115-07-1,C=CC,C3H6,DIPPR
ISOPROPYL PALMITATE,142-91-6,CC(C)OC(=O)CCCCCCCCCCCCCCC,C19H38O2,DIPPR
EICOSAMETHYLNONASILOXANE,2652-13-3,C[Si](C)(C)O[Si](C)(C)O[Si](C)(C)O[Si](C)(C)O[Si](C)(C)O[Si](C)(C)O[Si](C)(C)O[Si](C)(C)O[Si](C)(C)(C),C20H60O8Si9,DIPPR
BROMOCHLORODIFLUOROMETHANE,353-59-3,FC(Br)(Cl)F,CBrClF2,DIPPR
"2,3-DIMETHYLHEPTANE",3074-71-3,CC(C)C(C)CCCC,C9H20,DIPPR
1-ETHOXY-2-PROPANOL,1569-02-4,CC(O)COCC,C5H12O2,DIPPR
PHOSPHORUS TRICHLORIDE,02/12/7719,ClP(Cl)Cl,Cl3P,DIPPR
"1,1-DIPHENYLETHANE",612-00-0,c1ccccc1C(C)c2ccccc2,C14H14,DIPPR
n-PROPYLCYCLOHEXANE,1678-92-8,C1CCCCC1CCC,C9H18,DIPPR
ETHYL MERCAPTAN,01/08/1975,CCS,C2H6S,DIPPR
BROMOTRIFLUOROMETHANE,75-63-8,FC(Br)(F)F,CBrF3,DIPPR
ACETANILIDE,103-84-4,c1ccccc1(NC(=O)C),C8H9NO,DIPPR
1-METHYL-4-n-PROPYLBENZENE,1074-55-1,c1(C)ccc(CCC)cc1,C10H14,DIPPR
IBUPROFEN,15687-27-1,c1(CC(C)C)ccc(C(C)C(=O)O)cc1,C13H18O2,DIPPR
PYRENE,129-00-0,C1=CC2=C3C(=C1)C=CC1=CC=CC(=C31)C=C2,C16H10,DIPPR
"1,2-DIETHOXYETHANE",629-14-1,CCOCCOCC,C6H14O2,DIPPR
PHOSPHORUS PENTACHLORIDE,10026-13-8,ClP(Cl)(Cl)(Cl)Cl,Cl5P,DIPPR
n-TETRASILANE,7783-29-1,[SiH3][SiH2][SiH2][SiH3],H10Si4,DIPPR
m-ETHYLSTYRENE,7525-62-4,CCC1=CC(C=C)=CC=C1,C10H12,DIPPR
n-PROPYLBENZENE,103-65-1,c1(CCC)ccccc1,C9H12,DIPPR
"N,N-DIETHYLMETHYLAMINE",616-39-7,CCN(C)CC,C5H13N,DIPPR
"1,2-PROPYLENE GLYCOL",57-55-6,OC(C)CO,C3H8O2,DIPPR
o-TOLUALDEHYDE,529-20-4,c1(C)ccccc1(C=O),C8H8O,DIPPR
n-BUTYL PROPIONATE,590-01-2,CCC(=O)OCCCC,C7H14O2,DIPPR
BROMOTRICHLOROMETHANE,75-62-7,BrC(Cl)(Cl)Cl,CBrCl3,DIPPR
CYCLOHEXYL ISOCYANATE,3173-53-3,C1(N=C=O)CCCCC1,C7H11NO,DIPPR
1-PENTYNE,627-19-0,C#CCCC,C5H8,DIPPR
"1,2,4,5-TETRAMETHYLBENZENE",95-93-2,c1(C)c(C)cc(C)c(C)c1,C10H14,DIPPR
ACETOACETIC ACID,541-50-4,CC(=O)CC(=O)O,C4H6O3,DIPPR
NITROGEN,7727-37-9,N#N,N2,DIPPR
DIETHYL CARBONATE,105-58-8,CCOC(=O)OCC,C5H10O3,DIPPR
ETHYL ISOVALERATE,108-64-5,CC(C)CC(=O)OCC,C7H14O2,DIPPR
"1,1,2,2-TETRAFLUOROETHANE",359-35-3,FC(F)C(F)F,C2H2F4,DIPPR
ETHYL ACRYLATE,140-88-5,C=CC(=O)OCC,C5H8O2,DIPPR
trans-2-EICOSENE,121909-30-6,C/C=C/CCCCCCCCCCCCCCCCC,C20H40,DIPPR
HEXAFLUOROETHANE,76-16-4,FC(F)(F)C(F)(F)F,C2F6,DIPPR
TETRACHLOROSILANE,10026-04-7,Cl[Si](Cl)(Cl)Cl,Cl4Si,DIPPR
ACETALDOL,107-89-1,CC(O)CC=O,C4H8O2,DIPPR
n-BUTYL FORMATE,592-84-7,CCCCOC(=O),C5H10O2,DIPPR
VINYL ACETATE,108-05-4,CC(=O)OC=C,C4H6O2,DIPPR
DICYCLOHEXYL SULFIDE,7133-46-2,C1CCCCC1(SC1CCCCC1),C12H22S,DIPPR
TRIMETHYLOLPROPANE,77-99-6,CCC(CO)(CO)CO,C6H14O3,DIPPR
(3-METHYLACRYLOXYPROPYL)TRICHLOROSILANE,7351-61-3,CC(=C)C(=O)OCCC[Si](Cl)(Cl)Cl,C7H11Cl3O2Si,DIPPR
2-BROMOPROPANE,75-26-3,CC(Br)C,C3H7Br,DIPPR
PHTHALAN,496-14-0,C1OCc2ccccc12,C8H8O,DIPPR
TEREPHTHALDEHYDE,623-27-8,c1cc(C=O)ccc1(C=O),C8H6O2,DIPPR
TRIETHYLENE GLYCOL DIMETHYL ETHER,112-49-2,COCCOCCOCCOC,C8H18O4,DIPPR
ETHANOL,64-17-5,CCO,C2H6O,DIPPR
ISOPROPYLCYCLOPENTANE,3875-51-2,C1CCCC1(C(C)C),C8H16,DIPPR
tert-BUTYL CHLORIDE,507-20-0,C(C)(Cl)(C)C,C4H9Cl,DIPPR
PROPANAL,123-38-6,CCC=O,C3H6O,DIPPR
"2,4-DIMETHYLOCTANE",4032-94-4,CC(C)CC(C)CCCC,C10H22,DIPPR
"1,2,3-TRIETHYLBENZENE",42205-08-3,c1(CC)c(CC)c(CC)ccc1,C12H18,DIPPR
HYDROGEN IODIDE,10034-85-2,I,HI,DIPPR
"1,1-DIFLUOROETHANE",75-37-6,FC(F)C,C2H4F2,DIPPR
TETRAMETHYLSILANE,75-76-3,C[Si](C)(C)C,C4H12Si,DIPPR
DI-tert-BUTYL ETHER,6163-66-2,CC(C)(C)OC(C)(C)C,C8H18O,DIPPR
2-PHENYLPROPIONALDEHYDE,93-53-8,c1ccccc1(C(C)C=O),C9H10O,DIPPR
"2,7-DIMETHYLNAPHTHALENE",582-16-1,c1c(C)ccc2ccc(C)cc21,C12H12,DIPPR
TRIMETHYLGALLIUM,1445-79-0,C[Ga](C)C,C3H9Ga,DIPPR
SILICON,7440-21-3,[Si],Si,DIPPR
2-PENTANONE,107-87-9,CC(=O)CCC,C5H10O,DIPPR
trans-2-PHENYLBUTENE-2,767-99-7,C/C(c1ccccc1)=CC,C10H12,DIPPR
"1,2,3-BENZENETRIOL",87-66-1,c1(O)c(O)c(O)ccc1,C6H6O3,DIPPR
"N,N-DIMETHYLFORMAMIDE",02/12/1968,CN(C)C=O,C3H7NO,DIPPR
n-DODECYLBENZENE,123-01-3,c1ccccc1(CCCCCCCCCCCC),C18H30,DIPPR
2-METHYL OCTANAL,7786-29-0,O=CC(C)CCCCCC,C9H18O,DIPPR
PHENYLTRICHLOROSILANE,98-13-5,c1ccccc1([Si](Cl)(Cl)Cl),C6H5Cl3Si,DIPPR
BENZOTHIOPHENE,95-15-8,c1(SC=C2)c2cccc1,C8H6S,DIPPR
5-METHYLINDAN,874-35-1,c1cc(C)cc2c1CCC2,C10H12,DIPPR
1-HEPTENE,592-76-7,C=CCCCCC,C7H14,DIPPR
METHYL DODECANOATE,111-82-0,CCCCCCCCCCCC(=O)OC,C13H26O2,DIPPR
2-BUTYL-1-DECANOL,21078-81-9,CCCCCCCCC(CCCC)CO,C14H30O,DIPPR
1-CHLORONAPHTHALENE,90-13-1,c12c(Cl)cccc1cccc2,C10H7Cl,DIPPR
PROPYLENE GLYCOL 1-tert-BUTYL ETHER,57018-52-7,CC(C)(C)OCC(O)C,C7H16O2,DIPPR
2-NONANOL,628-99-9,CCCCCCCC(O)C,C9H20O,DIPPR
TRIFLUOROACETIC ACID,01/05/1976,FC(F)(F)C(=O)O,C2HF3O2,DIPPR
1-OCTANOL,111-87-5,CCCCCCCCO,C8H18O,DIPPR
"trans-2,n-HEXYL-DECAHYDRONAPHTHALENE",103554-13-8,C1C2C(CCC1)CC[C@@H](C2)CCCCCC,C16H30,DIPPR
"1,4-BENZENEDICARBOXYLIC ACID, 2-HYDROXYETHYL METHYL ESTER",09/01/3645,COC(=O)c1ccc(C(=O)OCCO)cc1,C11H12O5,DIPPR
"2,2,4,4-TETRAMETHYLPENTANE",1070-87-7,CC(C)(C)CC(C)(C)C,C9H20,DIPPR
"1,3-DIOXANE",505-22-6,O1COCCC1,C4H8O2,DIPPR
TRIPHENYLETHYLENE,58-72-0,c1ccccc1C=C(c3ccccc3)c4ccccc4,C20H16,DIPPR
METHYL ACRYLATE,96-33-3,C=CC(=O)OC,C4H6O2,DIPPR
n-PROPYL ACRYLATE,925-60-0,CCCOC(=O)C=C,C6H10O2,DIPPR
2-PROPYLBENZOTHIOPHENE,16587-32-9,c1cccc(C=C(CCC)S2)c21,C11H12S,DIPPR
CALCIUM CHLORIDE,10043-52-4,[Cl-].[Ca++].[Cl-],CaCl2,DIPPR
n-PROPYLCYCLOPENTANE,2040-96-2,C1CCCC1(CCC),C8H16,DIPPR
KETENE,463-51-4,C=C=O,C2H2O,DIPPR
"N,N-DIETHYLANILINE",91-66-7,c1ccccc1N(CC)CC,C10H15N,DIPPR
DIAMYL KETONE,927-49-1,CCCCCC(=O)CCCCC,C11H22O,DIPPR
METHYL GLYOXAL,78-98-8,CC(=O)C=O,C3H4O2,DIPPR
n-HEPTYLBENZENE,1078-71-3,c1(CCCCCCC)ccccc1,C13H20,DIPPR
BENZYL ACETATE,140-11-4,CC(=O)OCc1ccccc1,C9H10O2,DIPPR
NITROGEN DIOXIDE,10102-44-0,O=[N]=O,NO2,DIPPR
TRIS(2-METHOXYETHOXY)VINYLSILANE,1067-53-4,C=C[Si](OCCOC)(OCCOC)OCCOC,C11H24O6Si,DIPPR
"1,1,2-TRIFLUOROETHANE",430-66-0,FC(F)CF,C2H3F3,DIPPR
2-METHYLBUTYRALDEHYDE,96-17-3,CCC(C)C=O,C5H10O,DIPPR
n-HEPTANOIC ACID,111-14-8,CCCCCCC(=O)O,C7H14O2,DIPPR
"1,1,3-TRIMETHYLCYCLOHEXANE",3073-66-3,CC(CC1C)(CCC1)C,C9H18,DIPPR
4-METHYLPHENANTHRENE,832-64-4,C1=CC2=C(C(C)=C1)C1=C(C=CC=C1)C=C2,C15H12,DIPPR
2-OCTANOL,123-96-6,CCCCCCC(O)C,C8H18O,DIPPR
PHENYL MERCAPTAN,108-98-5,c1(S)ccccc1,C6H6S,DIPPR
GERMANIUM TETRAHYDRIDE,7782-65-2,[H][Ge]([H])([H])[H],GeH4,DIPPR
"2,3,5-TRIMETHYLTHIOPHENE",1795-05-7,CC1=CC(C)=C(C)S1,C7H10S,DIPPR
LITHIUM IODIDE,10377-51-2,[Li+].[I-],ILi,DIPPR
PIPERIDINE,110-89-4,C1CCCCN1,C5H11N,DIPPR
BENZIDINE,92-87-5,c1(N)ccc(cc1)c2ccc(N)cc2,C12H12N2,DIPPR
TERPINOLENE,586-62-9,C1(C)=CCC(=C(C)C)CC1,C10H16,DIPPR
TETRAETHYLENE GLYCOL MONOBUTYL ETHER,1559-34-8,CCCCOCCOCCOCCOCCO,C12H26O5,DIPPR
4-METHYL-CYCLOHEXANE-METHANOL,34885-03-5,C1(C)CCC(CO)CC1,C8H16O,DIPPR
"4,4'-DINITRODIPHENYLAMINE",1821-27-8,N(c1ccc(N(=O)=O)cc1)(c2ccc(N(=O)=O)cc2),C12H9N3O4,DIPPR
PERFLUORO-n-DECANE,307-45-9,C(F)(F)(F)C(F)(F)C(F)(F)C(F)(F)C(F)(F)C(F)(F)C(F)(F)C(F)(F)C(F)(F)C(F)(F)(F),C10F22,DIPPR
BICYCLO[2.2.1]HEPTANE,279-23-2,C1C2CCC1CC2,C7H12,DIPPR
p-tert-OCTYLPHENOL,140-66-9,CC(C)(C)CC(C)(C)c1ccc(O)cc1,C14H22O,DIPPR
TETRAPHENYLMETHANE,630-76-2,C(c1ccccc1)(c2ccccc2)(c3ccccc3)c4ccccc4,C25H20,DIPPR
p-CHLOROPHENOL,106-48-9,c1(O)ccc(Cl)cc1,C6H5ClO,DIPPR
n-OCTANOIC ACID,124-07-2,CCCCCCCC(=O)O,C8H16O2,DIPPR
ACRYLAMIDE,01/06/1979,C=CC(=O)N,C3H5NO,DIPPR
1-n-DECYLNAPHTHALENE,26438-27-7,c1(CCCCCCCCCC)cccc2ccccc21,C20H28,DIPPR
1-ETHYLINDAN,4830-99-3,CCC1CCC2=CC=CC=C21,C11H14,DIPPR
"2,3-DIMETHYLHEXANE",584-94-1,CC(C)C(C)CCC,C8H18,DIPPR
OZONE,10028-15-6,O=[O+][O-],O3,DIPPR
"3-ETHYL-2,5-DIMETHYLTHIOPHENE",55735-23-4,CCc1cc(C)sc1C,C8H12S,DIPPR
DIPHENYLMETHANE,101-81-5,c1ccccc1Cc2ccccc2,C13H12,DIPPR
CYCLOPENTANE,287-92-3,C1CCCC1,C5H10,DIPPR
VANADIUM,7440-62-2,[V],V,DIPPR
NITROGEN TRICHLORIDE,10025-85-1,ClN(Cl)Cl,Cl3N,DIPPR
n-BUTYLBENZENE,104-51-8,c1(CCCC)ccccc1,C10H14,DIPPR
alpha-HYDROXYISOBUTYRAMIDE,13027-88-8,CC(O)(C)C(N)=O,C4H9NO2,DIPPR
trans-2-OCTENE,13389-42-9,C/C=C/CCCCC,C8H16,DIPPR
ETHYL CHLOROFORMATE,541-41-3,ClC(=O)OCC,C3H5ClO2,DIPPR
TRIDECANAL,10486-19-8,CCCCCCCCCCCCC=O,C13H26O,DIPPR
sec-BUTYLBENZENE,135-98-8,c1(C(C)CC)ccccc1,C10H14,DIPPR
METHYL PENTYL SULFIDE,1741-83-9,CSCCCCC,C6H14S,DIPPR
n-HEXADECANE,544-76-3,CCCCCCCCCCCCCCCC,C16H34,DIPPR
N-NITROSODIETHANOLAMINE,1116-54-7,OCCN(CCO)N=O,C4H10N2O3,DIPPR
ETHYLCYCLOHEXANE,1678-91-7,C1CCCCC1(CC),C8H16,DIPPR
LYSINE,56-87-1,NCCCC[C@](C(=O)O)(N)([H]),C6H14N2O2,DIPPR
ISOPENTYL ACETATE,123-92-2,CC(=O)OCCC(C)C,C7H14O2,DIPPR
L-MENTHOL,2216-51-5,C1[C@H](C(C)C)([C@](O)([H])(C[C@](C)([H])(C1))),C10H20O,DIPPR
CYCLODECANE,293-96-9,C1CCCCCCCCC1,C10H20,DIPPR
"1,3-DIMETHYL-5-NITROBENZENE",07/12/1999,c1(C)cc([N+]([O-])=O)cc(C)c1,C8H9NO2,DIPPR
1-BROMOHEPTANE,629-04-9,CCCCCCCBr,C7H15Br,DIPPR
n-PENTANOIC ACID,109-52-4,CCCCC(=O)O,C5H10O2,DIPPR
DIPROPYLENE GLYCOL MONOMETHYL ETHER ACETATE,88917-22-0,COCC(C)OCC(C)OC(=O)C,C9H18O4,DIPPR
3-ETHYLHEXANE,619-99-8,CCC(CC)CCC,C8H18,DIPPR
5-METHYL-1-HEXENE,3524-73-0,C=CCCC(C)C,C7H14,DIPPR
ANTHRACENE,120-12-7,C1=CC=C2C(=C1)C=C1C(=C2)C=CC=C1,C14H10,DIPPR
"2,4-DIMETHYLANILINE",95-68-1,c1(C)cc(C)c(N)cc1,C8H11N,DIPPR
PROPIONITRILE,107-12-0,CCC#N,C3H5N,DIPPR
STIGMASTEROL,83-48-7,CC[C@H](/C=C/[C@@H](C)[C@H]1CC[C@@H]2[C@H]3CC=C4C[C@H](O)CC[C@@]4(C)[C@H]3CC[C@]12C)C(C)C,C29H48O,DIPPR
trans-2-PENTADECENE,74392-36-2,C/C=C/CCCCCCCCCCCC,C15H30,DIPPR
3-NONANONE,925-78-0,CCC(=O)CCCCCC,C9H18O,DIPPR
BENZALDEHYDE,100-52-7,c1ccccc1(C=O),C7H6O,DIPPR
"2,3-DIMETHYLBUTANE",79-29-8,CC(C)C(C)C,C6H14,DIPPR
2-PENTANONE OXIME,623-40-5,CCCC(=NO)C,C5H11NO,DIPPR
N-ETHYLMORPHOLINE,100-74-3,N1(CC)CCOCC1,C6H13NO,DIPPR
2-HYDROXYPROPYL METHACRYLATE,923-26-2,CC(O)COC(=O)C(C)=C,C7H12O3,DIPPR
2-METHYL-1-UNDECANOL,10522-26-6,CCCCCCCCCC(C)CO,C12H26O,DIPPR
2-ETHYL-2-HEXENAL,645-62-5,CCCC=C(CC)C=O,C8H14O,DIPPR
METHYLAMINE,74-89-5,CN,CH5N,DIPPR
SODIUM IODIDE,7681-82-5,[Na+].[I-],INa,DIPPR
tert-BUTYLFORMAMIDE,2425-74-3,CC(C)(C)NC=O,C5H11NO,DIPPR
"DIMETHYL-2,6-NAPHTHALENEDICARBOXYLATE",840-65-3,C1=CC2=C(C=C1C(=O)OC)C=CC(=C2)C(=O)OC,C14H12O4,DIPPR
o-ETHYLTOLUENE,611-14-3,c1(CC)c(C)cccc1,C9H12,DIPPR
"FURAN 2,5-DICARBOXYLIC ACID",3238-40-2,c1c(C(=O)O)oc(C(=O)O)c1,C6H4O5,DIPPR
DI-n-HEXYL ETHER,112-58-3,CCCCCCOCCCCCC,C12H26O,DIPPR
HYDROGEN BROMIDE,10035-10-6,Br,BrH,DIPPR
CARBON TETRACHLORIDE,56-23-5,C(Cl)(Cl)(Cl)Cl,CCl4,DIPPR
BERYLLIUM,7440-41-7,[Be],Be,DIPPR
n-BUTYLCYCLOHEXANE,1678-93-9,C1CCCCC1CCCC,C10H20,DIPPR
SULFUR DICHLORIDE,10545-99-0,ClSCl,Cl2S,DIPPR
1-HEXADECENE,629-73-2,C=CCCCCCCCCCCCCCC,C16H32,DIPPR
m-CHLOROBENZOYL CHLORIDE,618-46-2,c1c(Cl)cccc1C(=O)Cl,C7H4Cl2O,DIPPR
ETHYLENEDIAMINETETRAACETIC ACID,04/01/1960,OC(=O)CN(CCN(CC(=O)O)CC(=O)O)CC(=O)O,C10H16N2O8,DIPPR
MONOPALMITIN,542-44-9,CCCCCCCCCCCCCCCC(=O)OCC(CO)O,C19H38O4,DIPPR
1-DECENE,872-05-9,C=CCCCCCCCC,C10H20,DIPPR
"2,4,6,8,10-PENTAOXAUNDECANE",13352-75-5,COCOCOCOCOC,C6H14O5,DIPPR
PROPYLENE GLYCOL MONOMETHYL ETHER,107-98-2,CC(O)COC,C4H10O2,DIPPR
HYDRACRYLONITRILE,109-78-4,N#CCCO,C3H5NO,DIPPR
"3-METHYL-1,4-PENTADIENE",1115-08-8,C=CC(C)C=C,C6H10,DIPPR
PARALDEHYDE,123-63-7,C1(C)OC(C)OC(C)O1,C6H12O3,DIPPR
METHYL RICINOLEATE,141-24-2,CCCCCC[C@H](C/C=CCCCCCCCC(=O)OC)O,C19H36O3,DIPPR
DODECAMETHYLPENTASILOXANE,141-63-9,C[Si](C)(C)O[Si](C)(C)O[Si](C)(C)O[Si](C)(C)O[Si](C)(C)C,C12H36O4Si5,DIPPR
DIFLUOROMETHYL METHYL ETHER,359-15-9,C(F)(F)OC,C2H4F2O,DIPPR
n-OCTANE,111-65-9,CCCCCCCC,C8H18,DIPPR
ETHYL PHENYL ACETATE,101-97-3,c1ccccc1CC(=O)OCC,C10H12O2,DIPPR
"2,6-DIETHYLNAPHTHALENE",59919-41-4,c1(CC)ccc(cc(CC)cc2)c2c1,C14H16,DIPPR
p-AMINODIPHENYLAMINE,101-54-2,c1ccccc1Nc2ccc(N)cc2,C12H12N2,DIPPR
UNDECANAL,112-44-7,CCCCCCCCCCC=O,C11H22O,DIPPR
2-PENTYNE,627-21-4,CC#CCC,C5H8,DIPPR
METHYLNORBORNENE,694-92-8,C1CC2CC1C(=C2)C,C8H12,DIPPR
DIISODECYL PHTHALATE,26761-40-0,c1c(C(=O)OCCCCCCCC(C)C)c(C(=O)OCCCCCCCC(C)C)ccc1,C28H46O4,DIPPR
1-(4-ETHYLPHENYL)-2-PHENYLETHANE,7439-15-8,c1ccccc1CCc2ccc(CC)cc2,C16H18,DIPPR
METHYL BENZOATE,93-58-3,c1c(C(=O)OC)cccc1,C8H8O2,DIPPR
DI(2-ETHYLHEXYL) ADIPATE,103-23-1,CCCCC(CC)COC(=O)CCCCC(=O)OCC(CC)CCCC,C22H42O4,DIPPR
AMMONIA,7664-41-7,N,H3N,DIPPR
4-METHYL DIBENZOTHIOPHENE,7372-88-5,Cc1cccc2c3ccccc3sc21,C13H10S,DIPPR
DEHYDROABIETYLAMINE,1446-61-3,C1C[C@](C)(CN)([C@@]2([H])(CCC3=CC(C(C)C)=CC=C3C2(C)C1)),C20H31N,DIPPR
DIISOPROPYL KETONE,565-80-0,CC(C)C(=O)C(C)C,C7H14O,DIPPR
4-METHYL-1-PENTENE,691-37-2,C=CCC(C)C,C6H12,DIPPR
NITROSYL FLUORIDE,7789-25-5,N(=O)F,FNO,DIPPR
"1,2-ETHANEDITHIOL",540-63-6,SCCS,C2H6S2,DIPPR
"1,2-EPOXY-2-METHYLPROPANE",558-30-5,CC1(C)CO1,C4H8O,DIPPR
1-DOCOSANOL,661-19-8,OCCCCCCCCCCCCCCCCCCCCCC,C22H46O,DIPPR
PERFLUOROMETHYLCYCLOPENTANE,1805-22-7,C(F)(F)(F)C1(F)C(F)(F)C(F)(F)C(F)(F)C1(F)(F),C6F12,DIPPR
tert-BUTYL ETHYL ETHER,637-92-3,CCOC(C)(C)C,C6H14O,DIPPR
ABIETIC ACID,514-10-3,C1C[C@@](C)(C(=O)O)([C@@H]2(CC=C3C=C(C(C)C)CC[C@@H]3([C@@]2(C)(C1)))),C20H30O2,DIPPR
AZELAIC ACID,123-99-9,OC(=O)CCCCCCCC(=O)O,C9H16O4,DIPPR
n-TRIDECYLBENZENE,123-02-4,c1ccccc1(CCCCCCCCCCCCC),C19H32,DIPPR
3-METHYLPYRIDINE,108-99-6,n1cc(C)ccc1,C6H7N,DIPPR
BENZYLAMINE,100-46-9,c1(CN)ccccc1,C7H9N,DIPPR
"2-CHLORO-1,3-PROPANEDIOL",497-04-1,C(CO)(CO)Cl,C3H7ClO2,DIPPR
"cis-1,4-DIMETHYLCYCLOHEXANE",624-29-3,C1[C@@](C)([H])(CC[C@]([H])(C)(C1)),C8H16,DIPPR
m-CHLORONITROBENZENE,121-73-3,c1(N(=O)=O)cc(Cl)ccc1,C6H4ClNO2,DIPPR
QUINALDINE,91-63-4,c1(ccc(C)n2)c2cccc1,C10H9N,DIPPR
3-METHYLUNDECANE,1002-43-3,CCC(C)CCCCCCCC,C12H26,DIPPR
TOLUENE,108-88-3,c1ccccc1(C),C7H8,DIPPR
p-HYDROQUINONE,123-31-9,c1(O)ccc(O)cc1,C6H6O2,DIPPR
epsilon-CAPROLACTONE,502-44-3,C1(=O)OCCCCC1,C6H10O2,DIPPR
UREA,57-13-6,NC(=O)N,CH4N2O,DIPPR
ALLYL GLYCIDYL ETHER,106-92-3,C=CCOCC1(OC1),C6H10O2,DIPPR
OLEIC ACID,112-80-1,CCCCCCCC/C=CCCCCCCCC(=O)O,C18H34O2,DIPPR
DIMETHYLALUMINUM CHLORIDE,1184-58-3,C[Al+1]C.[Cl-],C2H6AlCl,DIPPR
ARGON,7440-37-1,[Ar],Ar,DIPPR
METHYL-3-MERCAPTOPROPIONATE,2935-90-2,SCCC(=O)OC,C4H8O2S,DIPPR
2-METHYLDECANE,6975-98-0,CC(C)CCCCCCCC,C11H24,DIPPR
"1,1-DIMETHOXYETHANE",534-15-6,COC(C)OC,C4H10O2,DIPPR
2-PHENYLBUTENE-1,2039-93-2,C=C(c1ccccc1)CC,C10H12,DIPPR
n-UNDECANE,1120-21-4,CCCCCCCCCCC,C11H24,DIPPR
NONYLPHENOL,25154-52-3,c1(O)c(CCCCCCCCC)cccc1,C15H24O,DIPPR
ISOPROPYL MYRISTATE,110-27-0,CCCCCCCCCCCCCC(=O)OC(C)C,C17H34O2,DIPPR
"2,5-DINITROTOLUENE",619-15-8,c1([N+](=O)[O-])c(C)cc([N+](=O)[O-])cc1,C7H6N2O4,DIPPR
DICYCLOHEXYLAMINE,101-83-7,N(C1CCCCC1)(C2CCCCC2),C12H23N,DIPPR
3-METHYLCYCLOPENTENE,1120-62-3,C1=CC(C)CC1,C6H10,DIPPR
OCTAMETHYLCYCLOTETRASILOXANE,556-67-2,[Si]1(C)(C)O[Si](C)(C)O[Si](C)(C)O[Si](C)(C)O1,C8H24O4Si4,DIPPR
METHANE,74-82-8,C,CH4,DIPPR
"1,1,2,2-TETRAPHENYLETHANE",632-50-8,C(c1ccccc1)(c2ccccc2)C(c3ccccc3)c4ccccc4,C26H22,DIPPR
1-NITROPROPANE,108-03-2,CCC[N+](=O)[O-],C3H7NO2,DIPPR
4-METHYL-trans-2-PENTENE,674-76-0,C/C=C/C(C)C,C6H12,DIPPR
ACETYLSALICYLIC ACID,50-78-2,c1(C(=O)O)c(OC(=O)C)cccc1,C9H8O4,DIPPR
DI-n-OCTYL TEREPHTHALATE,4654-26-6,c1c(C(=O)OCCCCCCCC)c(C(=O)OCCCCCCCC)ccc1,C24H38O4,DIPPR
p-ISOPROPENYLSTYRENE,16262-48-9,c1(C=C)ccc(C(C)=C)cc1,C11H12,DIPPR
ADIPIC ACID,124-04-9,OC(=O)CCCCC(=O)O,C6H10O4,DIPPR
2-CYCLOHEXENE-1-ONE,930-68-7,C1(=O)C=CCCC1,C6H8O,DIPPR
TRIBROMOMETHANE,75-25-2,BrC(Br)Br,CHBr3,DIPPR
8-HYDROXYQUINOLINE,148-24-3,C1(O)=C2N=CC=CC2=CC=C1,C9H7NO,DIPPR
"1,2-DIMETHOXYETHANE",110-71-4,COCCOC,C4H10O2,DIPPR
cis-2-BUTENE,590-18-1,C/C=CC,C4H8,DIPPR
CYCLOHEXANONE,108-94-1,C1(=O)CCCCC1,C6H10O,DIPPR
DI(2-ETHYLHEXYL) TEREPHTHALATE,6422-86-2,CCCCC(CC)COC(=O)c1ccc(C(=O)OCC(CC)CCCC)cc1,C24H38O4,DIPPR
gamma-VALEROLACTONE,108-29-2,C1C(C)OC(=O)C1,C5H8O2,DIPPR
TRIMETHYLAMINE,75-50-3,CN(C)C,C3H9N,DIPPR
"1,2,4-TRIMETHYL-5-ETHYLBENZENE",17851-27-3,CCc1c(C)cc(C)c(C)c1,C11H16,DIPPR
RADON,10043-92-2,[Rn],Rn,DIPPR
ALLYL ACETATE,591-87-7,CC(=O)OCC=C,C5H8O2,DIPPR
n-BUTANE,106-97-8,CCCC,C4H10,DIPPR
sec-BUTENYL ACETATE,07/11/6737,C=CC(C)OC(=O)C,C6H10O2,DIPPR
tert-BUTYLBENZENE,06/06/1998,c1(C(C)(C)C)ccccc1,C10H14,DIPPR
BUTYL VINYL ETHER,111-34-2,CCCCOC=C,C6H12O,DIPPR
3-METHYL-1-HEXENE,3404-61-3,C=CC(C)CCC,C7H14,DIPPR
HEXAETHYLBENZENE,604-88-6,c1(CC)c(CC)c(CC)c(CC)c(CC)c1(CC),C18H30,DIPPR
OXYGEN,7782-44-7,O=O,O2,DIPPR
"2,6-TOLUENE DIISOCYANATE",07/08/1991,c1(C)c(N=C=O)cccc1(N=C=O),C9H6N2O2,DIPPR
n-BUTYL ETHYL ETHER,628-81-9,CCCCOCC,C6H14O,DIPPR
p-DINITROBENZENE,100-25-4,c1([N+](=O)[O-])ccc([N+](=O)[O-])cc1,C6H4N2O4,DIPPR
2-METHYL-2-BUTANOL,75-85-4,CC(C)(O)CC,C5H12O,DIPPR
HELIUM-3,14762-55-1,[3He],He,DIPPR
ETHYLCHLOROACETATE,105-39-5,ClCC(=O)OCC,C4H7ClO2,DIPPR
QUATERPHENYL,1166-18-3,c1(cc(ccc1)c2cccc(c2)c3ccccc3)c4ccccc4,C24H18,DIPPR
MALEONITRILE,928-53-0,N#C/C=CC#N,C4H2N2,DIPPR
BIS(CYCLOPENTADIENYL)MAGNESIUM,1284-72-6,C1=C[CH-]C=C1.[Mg+2].C1=C[CH-]C=C1,C10H10Mg,DIPPR
"2-CHLORO-1,1,1-TRIFLUOROETHANE",75-88-7,ClCC(F)(F)F,C2H2ClF3,DIPPR
8-METHYL-1-NONENE,26741-24-2,C=CCCCCCC(C)C,C10H20,DIPPR
ISOPHTHALIC ACID,121-91-5,c1(C(=O)O)cc(C(=O)O)ccc1,C8H6O4,DIPPR
"1,1-DICHLOROETHYLENE",75-35-4,C=C(Cl)Cl,C2H2Cl2,DIPPR
TRIMETHYL BORATE,121-43-7,COB(OC)OC,C3H9BO3,DIPPR
1-tert-BUTOXY-2-[2-(tert-BUTOXY)PROPOXY]PROPANE,1243297-10-0,CC(C)(C)OCC(C)OCC(C)OC(C)(C)C,C14H30O3,DIPPR
"2,3,4-TRIMETHYLPENTANE",565-75-3,CC(C)C(C)C(C)C,C8H18,DIPPR
NIACIN,59-67-6,c1(C(=O)O)cnccc1,C6H5NO2,DIPPR
trans-4-OCTENE,14850-23-8,CCC/C=C/CCC,C8H16,DIPPR
DIETHYLENE GLYCOL DIMETHYL ETHER,111-96-6,COCCOCCOC,C6H14O3,DIPPR
PROPANE,74-98-6,CCC,C3H8,DIPPR
BENZONITRILE,100-47-0,c1(C#N)ccccc1,C7H5N,DIPPR
INDANE,496-11-7,C1=CC2=C(C=C1)CCC2,C9H10,DIPPR
"2,4,4-TRIMETHYL-1-PENTENE",107-39-1,C=C(C)CC(C)(C)C,C8H16,DIPPR
POTASSIUM,07/09/7440,[K],K,DIPPR
ALLYL ALCOHOL,107-18-6,C=CCO,C3H6O,DIPPR
n-HEXADECYL METHACRYLATE,2495-27-4,C=C(C)C(=O)OCCCCCCCCCCCCCCCC,C20H38O2,DIPPR
ETHYLENE OXIDE,75-21-8,C1OC1,C2H4O,DIPPR
BUTANAL,123-72-8,CCCC=O,C4H8O,DIPPR
AGATHADIOL,1857-24-5,C1CC2[C@](CO)(C)(CCC[C@]2(C)([C@](CCC(C)=CCO)([H])(C1(=C)))),C20H34O2,DIPPR
N-METHYLANILINE,100-61-8,c1(NC)ccccc1,C7H9N,DIPPR
PERCHLORIC ACID,7601-90-3,OCl(=O)(=O)=O,ClHO4,DIPPR
"1,2-DIMETHOXYPROPANE",7778-85-0,CC(OC)COC,C5H12O2,DIPPR
4-[2-(2-AMINOETHOXY)ETHYL]MORPHOLINE,20207-13-0,N1(CCOCCN)CCOCC1,C8H18N2O2,DIPPR
sec-BUTYL MERCAPTAN,513-53-1,CC(S)CC,C4H10S,DIPPR
ETHYNYLBENZENE,536-74-3,c1(C#C)ccccc1,C8H6,DIPPR
"2,6-DIAMINOTOLUENE",823-40-5,c1(C)c(N)cccc1(N),C7H10N2,DIPPR
"2,7-DIMETHYLBENZOTHIOPHENE",16587-40-9,c1(C)cccc(cc(C)s2)c21,C10H10S,DIPPR
DIETHYL ETHER,60-29-7,CCOCC,C4H10O,DIPPR
TRISTEARIN,555-43-1,C(OC(COC(=O)CCCCCCCCCCCCCCCCC)COC(=O)CCCCCCCCCCCCCCCCC)(=O)CCCCCCCCCCCCCCCCC,C57H110O6,DIPPR
1-HEXACOSENE,18835-33-1,C=CCCCCCCCCCCCCCCCCCCCCCCCC,C26H52,DIPPR
DIBENZOPYRROLE,86-74-8,C1=CC2=C(C=C1)C1=C(C=CC=C1)N2,C12H9N,DIPPR
DIETHYLENE GLYCOL DIBENZOATE,120-55-8,O=C(c1ccccc1)OCCOCCOC(=O)c1ccccc1,C18H18O5,DIPPR
ETHYLCYCLOPENTANE,1640-89-7,C1(CC)CCCC1,C7H14,DIPPR
p-TERPHENYL,92-94-4,c1ccccc1(c2ccc(c3ccccc3)cc2),C18H14,DIPPR
2-OCTANONE,111-13-7,CC(=O)CCCCCC,C8H16O,DIPPR
cis-3-METHYLCYCLOHEXANOL,5454-79-5,C1[C@](O)([H])(C[C@](C)([H])(CC1)),C7H14O,DIPPR
"1,3-BUTANEDIOL",107-88-0,OCCC(O)C,C4H10O2,DIPPR
"1-trans-3,5-TRIMETHYLCYCLOHEXANE",1795-26-2,C1[C@](C)([H])(C[C@]([H])(C)(C[C@]1([H])(C))),C9H18,DIPPR
DIBENZOFURAN,132-64-9,c1cccc2c3ccccc3Oc21,C12H8O,DIPPR
DI-n-BUTYLAMINE,111-92-2,CCCCNCCCC,C8H19N,DIPPR
ISOBUTYLENE GLYCOL,558-43-0,CC(C)(O)CO,C4H10O2,DIPPR
3-ETHYLBENZOTHIOPHENE,31283-14-4,c1cccc(c(CC)cs2)c21,C10H10S,DIPPR
m-DIBROMOBENZENE,108-36-1,c1(Br)cc(Br)ccc1,C6H4Br2,DIPPR
n-NONANE,111-84-2,CCCCCCCCC,C9H20,DIPPR
(3-GLYCIDOXYPROPYL)METHYLDIETHOXYSILANE,2897-60-1,O1CC1COCCC[Si](OCC)(OCC)C,C11H24O4Si,DIPPR
TRIPHENYLMETHANE,519-73-3,c1ccccc1C(c3ccccc3)c2ccccc2,C19H16,DIPPR
DIIODOMETHANE,06/11/1975,ICI,CH2I2,DIPPR
2-METHYL-2-BUTENE,513-35-9,CC(C)=CC,C5H10,DIPPR
"2,6-DIISOPROPYLTOLUENE",17821-02-2,c1ccc(C(C)(C))c(C)c(C(C)(C))1,C13H20,DIPPR
"1,1,2,2-TETRACHLORODIFLUOROETHANE",76-12-0,ClC(Cl)(F)C(Cl)(Cl)F,C2Cl4F2,DIPPR
3-METHYLDECANE,13151-34-3,CCC(C)CCCCCCC,C11H24,DIPPR
2-BUTANOL,78-92-2,CCC(O)C,C4H10O,DIPPR
PHENOTHIAZINE,92-84-2,c1cc2Sc3ccccc3Nc2cc1,C12H9NS,DIPPR
METHYL ERUCATE,1120-34-9,O=C(OC)CCCCCCCCCCC/C=CCCCCCCCC,C23H44O2,DIPPR
PROPYLENE GLYCOL n-BUTYL ETHER,5131-66-8,CCCCOCC(O)C,C7H16O2,DIPPR
cis-STILBENE,645-49-8,c1ccccc1/C=Cc2ccccc2,C14H12,DIPPR
n-HEXYL IODIDE,638-45-9,ICCCCCC,C6H13I,DIPPR
"2,2,4-TRIMETHYLPENTANE",540-84-1,CC(C)(C)CC(C)C,C8H18,DIPPR
"2,3-DIMETHYL-1,3-BUTADIENE",513-81-5,C=C(C)C(C)=C,C6H10,DIPPR
DIBORANE,19287-45-7,[H][B]1([H])[H][B]([H])([H])[H]1,B2H6,DIPPR
ETHYL IODIDE,06/03/1975,CCI,C2H5I,DIPPR
DIBUTYL MALEATE,105-76-0,CCCCOC(=O)/C=CC(=O)OCCCC,C12H20O4,DIPPR
PERCHLORYL FLUORIDE,7616-94-6,FCl(=O)(=O)=O,ClFO3,DIPPR
ISOBUTENE,115-11-7,C=C(C)C,C4H8,DIPPR
"1,3,5-TRICHLOROBENZENE",108-70-3,c1(Cl)cc(Cl)cc(Cl)c1,C6H3Cl3,DIPPR
1-METHYL-1-ETHYLCYCLOPENTANE,16747-50-5,C1CCCC1(C)(CC),C8H16,DIPPR
METHANESULFONIC ACID,75-75-2,O=S(C)(O)=O,CH4O3S,DIPPR
tert-BUTYLAMINE,75-64-9,CC(C)(C)N,C4H11N,DIPPR
DI-(2-ETHYLHEXYL) MALEATE,142-16-5,CCCCC(CC)COC(=O)/C=CC(=O)OCC(CC)CCCC,C20H36O4,DIPPR
cis-3-HEPTENE,06/10/7642,CC/C=CCCC,C7H14,DIPPR
HEXAMETHYLENEIMINE,111-49-9,C1CCCCCN1,C6H13N,DIPPR
BUTYRIC ANHYDRIDE,106-31-0,CCCC(=O)OC(=O)CCC,C8H14O3,DIPPR
"1,3-DICHLOROPROPANE",142-28-9,ClCCCCl,C3H6Cl2,DIPPR
"1,2,3,4-TETRAMETHYLBENZENE",488-23-3,c1(C)c(C)c(C)c(C)cc1,C10H14,DIPPR
TETRAETHYLENE GLYCOL MONOMETHYL ETHER,23783-42-8,COCCOCCOCCOCCO,C9H20O5,DIPPR
POTASSIUM HYDROXIDE,1310-58-3,[K+].[OH-],HKO,DIPPR
"1,2,3-BUTANETRIOL",4435-50-1,CC(O)C(O)CO,C4H10O3,DIPPR
PENTAMETHYLBENZENE,700-12-9,c1(C)c(C)c(C)c(C)c(C)c1,C11H16,DIPPR
p-NITROANILINE,100-01-6,c1(N)ccc(N(=O)=O)cc1,C6H6N2O2,DIPPR
ACRIDINE,260-94-6,n1c(cccc2)c2cc(cccc3)c31,C13H9N,DIPPR
n-HEPTANE,142-82-5,CCCCCCC,C7H16,DIPPR
METHYL ISOPROPYL SULFIDE,1551-21-9,CSC(C)C,C4H10S,DIPPR
1H-PERFLUORO-N-HEXANE,355-37-3,FC(F)(F)C(F)(F)C(F)(F)C(F)(F)C(F)(F)C(F)F,C6HF13,DIPPR
METHYL FLUORIDE,593-53-3,CF,CH3F,DIPPR
DIISOBUTYL PHTHALATE,84-69-5,c1c(C(=O)OCC(C)C)c(C(=O)OCC(C)C)ccc1,C16H22O4,DIPPR
"1,2,3,6-TETRAHYDROBENZYL ALCOHOL",1679-51-2,OCC(CCC=C1)C1,C7H12O,DIPPR
ETHYLAL,462-95-3,CCOCOCC,C5H12O2,DIPPR
"1,1,1,2,2,3,4,5,5,5-DECAFLUOROPENTANE",138495-42-8,FC(F)(F)C(F)(F)C(F)C(F)C(F)(F)F,C5H2F10,DIPPR
DIETHYL SULFIDE,352-93-2,CCSCC,C4H10S,DIPPR
p-tert-BUTYL ETHYLBENZENE,7364-19-4,c1(CC)ccc(C(C)(C)C)cc1,C12H18,DIPPR
2-METHYLTETRAHYDROFURAN,96-47-9,O(C(CC1)C)C1,C5H10O,DIPPR
SULFURIC ACID,7664-93-9,O=S(O)(O)=O,H2O4S,DIPPR
n-OCTYL MERCAPTAN,111-88-6,CCCCCCCCS,C8H18S,DIPPR
3-PENTANOL,584-02-1,CCC(O)CC,C5H12O,DIPPR
NEOHEPTANOIC ACID,1185-39-3,CCCC(C)(C)C(=O)O,C7H14O2,DIPPR
CAFFEINE,02/08/1958,C1(=O)C(N(C)C=N2)=C2N(C)C(=O)N1(C),C8H10N4O2,DIPPR
DILACTIDE (dl),95-96-5,CC1OC(=O)C(C)OC1(=O),C6H8O4,DIPPR
FERROUS CHLORIDE,7758-94-3,[Cl-].[Fe++].[Cl-],Cl2Fe,DIPPR
MALTOPENTAOSE,34620-76-3,OC(C(CO)OC(OC(C(O)C(O)C(OC(C(O)C(O)C(OC(C(CO)OC(OC(C(O)C(O)C(O)O1)C1CO)C2O)C2O)O3)C3CO)O4)C4CO)C5O)C5O,C30H52O26,DIPPR
METHYL HYDROPEROXIDE,3031-73-0,COO,CH4O2,DIPPR
4-OCTANONE,589-63-9,CCCC(=O)CCCC,C8H16O,DIPPR
PHENOL,108-95-2,c1ccccc1(O),C6H6O,DIPPR
TRILACTIC ACID,78024-33-6,OC(C)C(=O)OC(C)C(=O)OC(C)C(=O)O,C9H14O7,DIPPR
3-METHYLHEXANAL,19269-28-4,CCCC(C)CC=O,C7H14O,DIPPR
METHYL tert-PENTYL ETHER,994-05-8,COC(C)(C)CC,C6H14O,DIPPR
1-HEXADECANOL,36653-82-4,CCCCCCCCCCCCCCCCO,C16H34O,DIPPR
3-PHENYL-1-PROPANOL,122-97-4,C(O)CC(c1ccccc1),C9H12O,DIPPR
6-HYDROXYHEXANOIC ACID,1191-25-9,OCCCCCC(=O)O,C6H12O3,DIPPR
GLYCOLIC ACID,79-14-1,OCC(=O)O,C2H4O3,DIPPR
1-cis-2-trans-4-TRIMETHYLCYCLOPENTANE,4850-28-6,C[C@@H]1C[C@@H](C)[C@@H](C)C1,C8H16,DIPPR
n-BUTYL n-BUTYRATE,109-21-7,CCCCOC(=O)CCC,C8H16O2,DIPPR
DIPROPYL MALEATE,2432-63-5,CCCOC(=O)/C=CC(=O)OCCC,C10H16O4,DIPPR
5-METHYL FURFURAL,620-02-0,CC1=CC=C(O1)C=O,C6H6O2,DIPPR
1-ETHYL-3-METHYLIMIDAZOLIUM ETHYLSULFATE,342573-75-5,CCN1C=C[N+](C)=C1.S(=O)(=O)([O-])OCC,C8H16N2O4S,DIPPR
"3-METHYL-1,2-BUTADIENE",598-25-4,C=C=C(C)C,C5H8,DIPPR
p-DIISOPROPYLBENZENE,100-18-5,c1(C(C)C)ccc(C(C)C)cc1,C12H18,DIPPR
ETHYLBENZENE HYDROPEROXIDE,3071-32-7,c1ccccc1(C(C)OO),C8H10O2,DIPPR
"1,3-PROPANEDIAMINE",109-76-2,NCCCN,C3H10N2,DIPPR
PYRUVIC ACID,127-17-3,CC(=O)C(=O)O,C3H4O3,DIPPR
PENTACHLOROFLUOROETHANE,354-56-3,ClC(Cl)(Cl)C(Cl)(Cl)F,C2Cl5F,DIPPR
4-METHYLOCTANE,2216-34-4,CCCC(C)CCCC,C9H20,DIPPR
1-DECANOL,112-30-1,CCCCCCCCCCO,C10H22O,DIPPR
"1,3-BENZENEDIOL",108-46-3,c1(O)cc(O)ccc1,C6H6O2,DIPPR
"2,3-DICHLOROPROPENE",78-88-6,C=C(Cl)CCl,C3H4Cl2,DIPPR
"3,3-DIMETHYL-1-BUTENE",558-37-2,C=CC(C)(C)C,C6H12,DIPPR
ISOPROPYL ISOBUTYL ETHER,78448-33-6,CC(C)OCC(C)C,C7H16O,DIPPR
TRICHLOROSILANE,10025-78-2,Cl[SiH](Cl)Cl,Cl3HSi,DIPPR
GERMANIUM,7440-56-4,[Ge],Ge,DIPPR
METHYL ETHYL SULFIDE,624-89-5,CSCC,C3H8S,DIPPR
ETHYL ERUCATE,37910-77-3,O=C(OCC)CCCCCCCCCCC/C=CCCCCCCCC,C24H46O2,DIPPR
CARBONYL FLUORIDE,353-50-4,FC(=O)F,CF2O,DIPPR
"3,4-DINITROTOLUENE",610-39-9,c1c([N+](=O)[O-])c([N+](=O)[O-])cc(C)c1,C7H6N2O4,DIPPR
4-[(TETRAHYDRO-2-FURANYL)OXY]-1-BUTANOL,64001-06-5,C1OC(OCCCCO)CC1,C8H16O3,DIPPR
TRIOXANE,110-88-3,C1OCOCO1,C3H6O3,DIPPR
PROPENYL CYCLOHEXENE,13511-13-2,C1CCCC=C1CC=C,C9H14,DIPPR
"1,5-PENTANEDIAMINE",462-94-2,NCCCCCN,C5H14N2,DIPPR
n-HEXYLBENZENE,1077-16-3,c1ccccc1(CCCCCC),C12H18,DIPPR
2-METHYL THIAINDAN,6165-55-5,c1cc2SC(C)Cc2cc1,C9H10S,DIPPR
CHLORINE,7782-50-5,ClCl,Cl2,DIPPR
HEXAMETHYLENEDIAMINE,124-09-4,NCCCCCCN,C6H16N2,DIPPR
trans-STILBENE,103-30-0,c1ccccc1/C=C/c2ccccc2,C14H12,DIPPR
5-ETHYLIDENE-2-NORBORNENE,16219-75-3,C1C(C2C=CC1C2)=CC,C9H12,DIPPR
3-METHYLTRIDECANE,6418-41-3,CCC(C)CCCCCCCCCC,C14H30,DIPPR
OLEYL ALCOHOL,143-28-2,CCCCCCCC/C=CCCCCCCCCO,C18H36O,DIPPR
"1,2,3-TRICHLOROPROPANE",96-18-4,C(Cl)C(Cl)C(Cl),C3H5Cl3,DIPPR
METHYL LINOLENATE,301-00-8,O=C(OC)CCCCCCCC=C/CC=C/CC=C/CC,C19H32O2,DIPPR
DECAMETHYLTETRASILOXANE,141-62-8,C[Si](C)(C)O[Si](C)(C)O[Si](C)(C)O[Si](C)(C)C,C10H30O3Si4,DIPPR
n-TRIDECANOIC ACID,638-53-9,CCCCCCCCCCCCC(=O)O,C13H26O2,DIPPR
"2,2-DIPHENYL PROPANE",778-22-3,c1ccccc1C(C)(C)c2ccccc2,C15H16,DIPPR
ISOSTEARIC ACID,2724-58-5,CC(C)CCCCCCCCCCCCCCC(=O)O,C18H36O2,DIPPR
DIPHENYL DISULFIDE,882-33-7,S(Sc(cccc1)c1)c(cccc2)c2,C12H10S2,DIPPR
ACRYLOXY PROPIONIC ACID,24615-84-7,C=CC(=O)OCCC(O)=O,C6H8O4,DIPPR
ACETOVANILLONE,498-02-2,c1(OC)c(O)ccc(C(=O)C)c1,C9H10O3,DIPPR
BENZAMIDE,55-21-0,O=C(N)c(cccc1)c1,C7H7NO,DIPPR
1-HEPTYNE,628-71-7,C#CCCCCC,C7H12,DIPPR
"1,1,2,2,3-PENTAFLUOROPROPANE",679-86-7,C(F)(F)C(F)(F)C(F),C3H3F5,DIPPR
DIISONONYL PHTHALATE,28553-12-0,c1(C(=O)OCCCCCCC(C)C)c(C(=O)OCCCCCCC(C)C)cccc1,C26H42O4,DIPPR
2-METHYLDODECANE,1560-97-0,CC(C)CCCCCCCCCC,C13H28,DIPPR
TETRAETHYL SILANE,631-36-7,CC[Si](CC)(CC)CC,C8H20Si,DIPPR
ETHYL ALUMINUM DICHLORIDE,563-43-9,CC[Al](Cl)Cl,C2H5AlCl2,DIPPR
HEXAFLUOROACETONE,684-16-2,FC(F)(F)C(=O)C(F)(F)F,C3F6O,DIPPR
ETHYL FORMATE,109-94-4,CCOC(=O),C3H6O2,DIPPR
alpha-EPICHLOROHYDRIN,106-89-8,ClCC1CO1,C3H5ClO,DIPPR
METHYLCYCLOBUTANE,598-61-8,CC1CCC1,C5H10,DIPPR
CUMENE HYDROPEROXIDE,80-15-9,c1ccccc1(C(C)(C)OO),C9H12O2,DIPPR
m-tert-BUTYLPHENOL,585-34-2,Oc1cc(ccc1)C(C)(C)C,C10H14O,DIPPR
"1,2-PENTADIENE",591-95-7,C=C=CCC,C5H8,DIPPR
ALLYLIDENE DIACETATE,869-29-4,CC(=O)OC(C=C)OC(=O)C,C7H10O4,DIPPR
"cis-1,3-PENTADIENE",1574-41-0,C=C/C=CC,C5H8,DIPPR
CALCIUM FLUORIDE,7789-75-5,[F-].[Ca++].[F-],CaF2,DIPPR
METHYL PROPIONATE,554-12-1,CCC(=O)OC,C4H8O2,DIPPR
2-METHYL-2-PENTENAL,623-36-9,O=CC(C)=CCC,C6H10O,DIPPR
TRIMETHYL SILANE,993-07-7,C[SiH](C)(C),C3H10Si,DIPPR
"cis-1,2-DIMETHYLCYCLOHEXANE",04/01/2207,C1[C@@](C)([H])([C@]([H])(C)(CCC1)),C8H16,DIPPR
"2,2,3,4-TETRAMETHYLPENTANE",1186-53-4,CC(C)(C)C(C)C(C)C,C9H20,DIPPR
ETHYL METHACRYLATE,97-63-2,CCOC(=O)C(C)=C,C6H10O2,DIPPR
TRIPALMITIN,555-44-2,C(OC(COC(=O)CCCCCCCCCCCCCCC)COC(=O)CCCCCCCCCCCCCCC)(=O)CCCCCCCCCCCCCCC,C51H98O6,DIPPR
2-METHYLHEXANAL,925-54-2,CCCCC(C)C=O,C7H14O,DIPPR
ETHYL CHLORIDE,03/01/1975,CC[Cl],C2H5Cl,DIPPR
DIMETHYLMALONATE,108-59-8,COC(=O)CC(=O)OC,C5H8O4,DIPPR
BENZOTRIFLUORIDE,08/08/1998,c1(C(F)(F)F)ccccc1,C7H5F3,DIPPR
1-PENTADECANOL,629-76-5,CCCCCCCCCCCCCCCO,C15H32O,DIPPR
PERFLUORO-n-HEXADECANE,355-49-7,C(F)(F)(F)C(F)(F)C(F)(F)C(F)(F)C(F)(F)C(F)(F)C(F)(F)C(F)(F)C(F)(F)C(F)(F)C(F)(F)C(F)(F)C(F)(F)C(F)(F)C(F)(F)C(F)(F)(F),C16F34,DIPPR
2-MERCAPTOETHANOL,60-24-2,SCCO,C2H6OS,DIPPR
PENTAETHYLENE GLYCOL DIMETHYL ETHER,1191-87-3,COCCOCCOCCOCCOCCOC,C12H26O6,DIPPR
METHYL VINYL DICHLOROSILANE,124-70-9,C=C[Si](C)(Cl)Cl,C3H6Cl2Si,DIPPR
1-n-BUTYLNAPHTHALENE,1634-09-9,c1(CCCC)cccc2ccccc21,C14H16,DIPPR
DIMETHYL ISOPHTHALATE,1459-93-4,c1c(C(=O)OC)cc(C(=O)OC)cc1,C10H10O4,DIPPR
METHYL PENTADECANOATE,7132-64-1,O=C(OC)CCCCCCCCCCCCCC,C16H32O2,DIPPR
"1,3-DIBROMOPROPANE",109-64-8,BrCCCBr,C3H6Br2,DIPPR
"2,4,6-TRINITROTOLUENE",118-96-7,c1(C)c([N+](=O)[O-])cc([N+](=O)[O-])cc1([N+](=O)[O-]),C7H5N3O6,DIPPR
1-NONYNE,03/09/3452,C#CCCCCCCC,C9H16,DIPPR
DIMETHYL PEROXIDE,690-02-8,COOC,C2H6O2,DIPPR
DICUMYL PEROXIDE,80-43-3,c1ccccc1(C(C)(C)OOC(C)(C)c1ccccc1),C18H22O2,DIPPR
PALUSTRIC ACID,1945-53-5,C1C[C@]2(C)(C(CCC(C(C)C)=C3)=C3CC[C@@]2([H])(C[C@]1(C)(C(O)=O))),C20H30O2,DIPPR
trans-3-HEXENE,13269-52-8,CC/C=C/CC,C6H12,DIPPR
VINYLTRIMETHOXYSILANE,07/02/2768,C=C[Si](OC)(OC)OC,C5H12O3Si,DIPPR
"1,1-DICHLORO-1-FLUOROETHANE",1717-00-6,C(Cl)(Cl)(F)C,C2H3Cl2F,DIPPR
PYRAZINE,290-37-9,n1ccncc1,C4H4N2,DIPPR
PHOSPHORUS PENTAFLUORIDE,7647-19-0,P(F)(F)(F)(F)F,F5P,DIPPR
"1,5-HEXADIENE",592-42-7,C=CCCC=C,C6H10,DIPPR
3-CHLOROPROPENE,107-05-1,C=CC(Cl),C3H5Cl,DIPPR
ISOPROPYLCYCLOHEXANE,696-29-7,C1CCCCC1C(C)C,C9H18,DIPPR
METHYL ISOBUTYL ETHER,625-44-5,COCC(C)C,C5H12O,DIPPR
TETRAMANTANE,27745-90-0,C12C3CC(C4)CC5C3CC36C7C5C24CC5C7CC(C6)CC5C13,C22H28,DIPPR
DIETHYLENETRIAMINE,111-40-0,NCCNCCN,C4H13N3,DIPPR
DIBROMOMETHANE,74-95-3,BrCBr,CH2Br2,DIPPR
PHTHALIC ANHYDRIDE,85-44-9,c1cc2C(=O)OC(=O)c2cc1,C8H4O3,DIPPR
ETHYL OLEATE,111-62-6,O=C(OCC)CCCCCCCC=CCCCCCCCC,C20H38O2,DIPPR
PYRIDINE,110-86-1,n1ccccc1,C5H5N,DIPPR
MONOOLEIN,111-03-5,CCCCCCCC/C=CCCCCCCCC(=O)OCC(O)CO,C21H40O4,DIPPR
"2-(DIFLUOROMETHOXY)-1,1,1-TRIFLUOROETHANE",1885-48-9,FC(F)OCC(F)(F)F,C3H3F5O,DIPPR
BENZYL FORMATE,104-57-4,c1(COC=O)ccccc1,C8H8O2,DIPPR
n-UNDECANOIC ACID,112-37-8,CCCCCCCCCCC(=O)O,C11H22O2,DIPPR
2-METHYLHEPTANAL,16630-91-4,O=CC(C)CCCCC,C8H16O,DIPPR
n-PROPYLAMINE,107-10-8,CCCN,C3H9N,DIPPR
"2,4,4-TRIMETHYL-2-PENTENE",107-40-4,CC(C)=CC(C)(C)C,C8H16,DIPPR
"2,2-DIMETHYLPENTANE",590-35-2,CC(C)(C)CCC,C7H16,DIPPR
CYCLOHEXANE,110-82-7,C1CCCCC1,C6H12,DIPPR
DIMETHYL SULFIDE,75-18-3,CSC,C2H6S,DIPPR
METHYL VINYL ETHER,107-25-5,C=COC,C3H6O,DIPPR
TRIFLUOROIODOMETHANE,2314-97-8,C(I)(F)(F)(F),CF3I,DIPPR
1-HEXYNE,693-02-7,C#CCCCC,C6H10,DIPPR
PHOSGENE,75-44-5,ClC(=O)Cl,CCl2O,DIPPR
ARSENIC TRIOXIDE,1327-53-3,[As]12O[As](O1)O2,As2O3,DIPPR
"2-METHYL-1,3-DIOXOLANE",497-26-7,CC1OCCO1,C4H8O2,DIPPR
n-PENTACOSANE,629-99-2,CCCCCCCCCCCCCCCCCCCCCCCCC,C25H52,DIPPR
METHYLCYCLOPENTADIENE DIMER,26472-00-4,C1C=C(C)C2C(C3)C(C)=CC3C21,C12H16,DIPPR
SULFUR DIOXIDE,05/09/7446,O=S=O,O2S,DIPPR
n-TRIACONTANE,638-68-6,CCCCCCCCCCCCCCCCCCCCCCCCCCCCCC,C30H62,DIPPR
PHENYL ACETATE,122-79-2,c1ccccc1(OC(C)=O),C8H8O2,DIPPR
sec-BUTENYL GLYCOL ETHER,100524-60-5,C=CC(C)OCCO,C6H12O2,DIPPR
"1,4-BUTANEDIOL",110-63-4,OCCCCO,C4H10O2,DIPPR
PYRAZOLE,288-13-1,N1N=CC=C1,C3H4N2,DIPPR
"3,3-DIMETHYL-2-BUTANONE",75-97-8,CC(=O)C(C)(C)C,C6H12O,DIPPR
3-METHYL-3-PENTANOL,77-74-7,CCC(C)(O)CC,C6H14O,DIPPR
"1,4-CYCLOHEXANEDIMETHANOL",105-08-8,C1(CO)CCC(CO)CC1,C8H16O2,DIPPR
METHYL ISOPROPYL KETONE,563-80-4,CC(=O)C(C)C,C5H10O,DIPPR
DI-n-HEXYL PHTHALATE,84-75-3,c1c(C(=O)OCCCCCC)c(C(=O)OCCCCCC)ccc1,C20H30O4,DIPPR
n-BUTYLHYDROPEROXIDE,4813-50-7,OOCCCC,C4H10O2,DIPPR
TRI-n-BUTYL BORATE,688-74-4,CCCCOB(OCCCC)OCCCC,C12H27BO3,DIPPR
n-PENTADECYLBENZENE,2131-18-2,c1(CCCCCCCCCCCCCCC)ccccc1,C21H36,DIPPR
2-METHYLTHIACYCLOPENTANE,1795-09-1,CC1CCCS1,C5H10S,DIPPR
TRIMETHYLALUMINUM,75-24-1,C[Al](C)C,C3H9Al,DIPPR
1-TRIDECANOL,112-70-9,CCCCCCCCCCCCCO,C13H28O,DIPPR
METHYL PALMITATE,112-39-0,COC(=O)CCCCCCCCCCCCCCC,C17H34O2,DIPPR
1-PENTENE-3-YNE,646-05-9,CC#CC=C,C5H6,DIPPR
PENTAFLUORO(TRIFLUOROMETHYL)SULFUR,373-80-8,FC(F)(F)S(F)(F)(F)(F)F,CF8S,DIPPR
n-DECYL ACETATE,112-17-4,CC(=O)OCCCCCCCCCC,C12H24O2,DIPPR
"2,4-DIMETHYLPENTANE",108-08-7,CC(C)CC(C)C,C7H16,DIPPR
3-METHYLHEXANE,589-34-4,CCC(C)CCC,C7H16,DIPPR
p-CHLOROBENZOTRIFLUORIDE,98-56-6,c1(C(F)(F)F)ccc(Cl)cc1,C7H4ClF3,DIPPR
CYCLOHEPTANE,291-64-5,C1CCCCCC1,C7H14,DIPPR
"cis-1,3-DIMETHYLCYCLOHEXANE",638-04-0,C1[C@@](C)([H])(C[C@]([H])(C)(CC1)),C8H16,DIPPR
LINOLENIC ACID,463-40-1,CCC=CCC=CCC=CCCCCCCCC(=O)O,C18H30O2,DIPPR
TRIMELLITIC ACID,528-44-9,c1(C(=O)O)c(C(=O)O)cc(C(=O)O)cc1,C9H6O6,DIPPR
"2,5-DIMETHYL-1,5-HEXADIENE",627-58-7,C=C(C)CCC(C)=C,C8H14,DIPPR
n-PROPYL METHACRYLATE,2210-28-8,CCCOC(=O)C(C)=C,C7H12O2,DIPPR
"1,2,4,5-TETRAISOPROPYLBENZENE",635-11-0,c1(C(C)C)c(C(C)C)cc(C(C)C)c(C(C)C)c1,C18H30,DIPPR
1-TRIDECENE,2437-56-1,C=CCCCCCCCCCCC,C13H26,DIPPR
DIMETHYL CARBONATE,616-38-6,COC(=O)OC,C3H6O3,DIPPR
1-NONADECANOL,1454-84-8,CCCCCCCCCCCCCCCCCCCO,C19H40O,DIPPR
HEPTAFLUOROPROPYL METHYL ETHER,375-03-1,COC(F)(F)C(F)(F)C(F)(F)(F),C4H3F7O,DIPPR
TETRAFLUOROHYDRAZINE,10036-47-2,FN(F)N(F)F,F4N2,DIPPR
"1,6-HEXANEDIOL DIACRYLATE",13048-33-4,O=C(C=C)OCCCCCCOC(=O)C=C,C12H18O4,DIPPR
D-XYLOSE,2460-44-8,C1[C@@H]([C@H]([C@@H]([C@H](O1)O)O)O)O,C5H10O5,DIPPR
2-HEXANONE,591-78-6,CC(=O)CCCC,C6H12O,DIPPR
2-ETHYL-m-XYLENE,04/04/2870,c1(C)c(CC)c(C)ccc1,C10H14,DIPPR
TRILINOLEIN,537-40-6,O=C(CCCCCCCC=CC/C=CCCCCC)OCC(OC(CCCCCCC/C=CC/C=CCCCCC)=O)COC(CCCCCCCC=CC/C=CCCCCC)=O,C57H98O6,DIPPR
"1,1,1,3,3,3-HEXAFLUOROPROPANE",690-39-1,FC(F)(F)CC(F)(F)F,C3H2F6,DIPPR
d-LIMONENE,5989-27-5,C1=[C@](C)(CCC([C@](=C)(C))C1),C10H16,DIPPR
LEVULINIC ACID,123-76-2,OC(=O)CCC(=O)C,C5H8O3,DIPPR
ACETIC ANHYDRIDE,108-24-7,CC(=O)OC(=O)C,C4H6O3,DIPPR
4-HYDROXYBUTYRALDEHYDE,25714-71-0,OCCCC=O,C4H8O2,DIPPR
ETHYLENE CARBONATE,96-49-1,C1OC(=O)OC1,C3H4O3,DIPPR
n-BUTYL METHACRYLATE,97-88-1,C=C(C)C(=O)OCCCC,C8H14O2,DIPPR
HEXACOSAMETHYLDODECASILOXANE,01/08/2471,C[Si](C)(C)O[Si](C)(C)O[Si](C)(C)O[Si](C)(C)O[Si](C)(C)O[Si](C)(C)O[Si](C)(C)O[Si](C)(C)O[Si](C)(C)O[Si](C)(C)O[Si](C)(C)O[Si](C)(C)(C),C26H78O11Si12,DIPPR
ETHANESULFONYL CHLORIDE,594-44-5,CCS(=O)(=O)Cl,C2H5ClO2S,DIPPR
HYDROGEN PEROXIDE,7722-84-1,OO,H2O2,DIPPR
SODIUM,7440-23-5,[Na],Na,DIPPR
"2,5-XYLENOL",95-87-4,c1c(O)c(C)ccc1(C),C8H10O,DIPPR
"trans-1,2-DICHLOROETHYLENE",156-60-5,Cl/C=C/Cl,C2H2Cl2,DIPPR
BENZENE,71-43-2,c1ccccc1,C6H6,DIPPR
CHRYSENE,218-01-9,C1=CC2=C(C=C1)C=CC1=C2C=CC2=C1C=CC=C2,C18H12,DIPPR
ETHYL THIOLACETATE,625-60-5,CC(=O)SCC,C4H8OS,DIPPR
PHENYL ISOCYANATE,103-71-9,c1(N=C=O)ccccc1,C7H5NO,DIPPR
"1,2-DIPHENYLETHANE",103-29-7,c1ccccc1CCc2ccccc2,C14H14,DIPPR
PYRROLE,109-97-7,C1=CC=CN1,C4H5N,DIPPR
ISOBUTYL MERCAPTAN,513-44-0,CC(C)CS,C4H10S,DIPPR
CUMENE,98-82-8,c1(C(C)C)ccccc1,C9H12,DIPPR
n-BUTYLBENZENE HYDROPEROXIDE,99172-63-1,c1c(CCCCOO)cccc1,C10H14O2,DIPPR
1-ETHYL-DECALIN,1008-17-9,C2CCC1CCCC(CC)C1C2,C12H22,DIPPR
HYDROGEN CHLORIDE,7647-01-0,Cl,ClH,DIPPR
n-PROPYL n-BUTYRATE,105-66-8,CCCOC(=O)CCC,C7H14O2,DIPPR
TRICHLOROACETALDEHYDE,75-87-6,C(Cl)(Cl)(Cl)C=O,C2HCl3O,DIPPR
NITROBENZENE,98-95-3,c1([N+](=O)[O-])ccccc1,C6H5NO2,DIPPR
"1,2,4-TRICHLOROBENZENE",120-82-1,c1(Cl)c(Cl)cc(Cl)cc1,C6H3Cl3,DIPPR
"(3,3,3-TRIFLUOROPROPYL)METHYLDICHLOROSILANE",675-62-7,FC(CC[Si](Cl)(Cl)C)(F)F,C4H7Cl2F3Si,DIPPR
TRIFLUOROMETHANE,75-46-7,FC(F)F,CHF3,DIPPR
METHACROLEIN,78-85-3,C=C(C)C=O,C4H6O,DIPPR
o-NITROANILINE,88-74-4,c1(N)c(N(=O)=O)cccc1,C6H6N2O2,DIPPR
IRON PENTACARBONYL,13463-40-6,[Fe](C#O)(C#O)(C#O)(C#O)C#O,C5FeO5,DIPPR
PROPYLENE GLYCOL alpha-METHYLBENZYL ETHER,871518-84-2,c1(C(C)OCC(O)C)ccccc1,C11H16O2,DIPPR
DIBUTYL TEREPHTHALATE,1962-75-0,CCCCOC(=O)c1ccc(cc1)C(=O)OCCCC,C16H22O4,DIPPR
beta-CHOLESTEROL,57-88-5,C1[C@@](O)([H])(CC2=CC[C@H]3([C@@H]4(CC[C@H]([C@](C)(CCCC(C)C)([H]))([C@@]4(C)(CC[C@@H]3([C@@]2(C)(C1))))))),C27H46O,DIPPR
n-DODECYL MERCAPTAN,112-55-0,CCCCCCCCCCCCS,C12H26S,DIPPR
beta-PHELLANDRENE,555-10-2,CC(C)C1C=CC(=C)CC1,C10H16,DIPPR
DIMETHYL SUCCINATE,106-65-0,COC(=O)CCC(=O)OC,C6H10O4,DIPPR
"3,3,3-TRIFLUOROPROPENE",677-21-4,C=CC(F)(F)F,C3H3F3,DIPPR
HEXAMETHYLDISILOXANE,107-46-0,C[Si](C)(C)O[Si](C)(C)C,C6H18OSi2,DIPPR
DIPROPYLENE GLYCOL MONOMETHYL ETHER,34590-94-8,COC(C)COC(C)CO,C7H16O3,DIPPR
GLYOXAL,107-22-2,O=CC=O,C2H2O2,DIPPR
2-METHYL-1-BUTENE,563-46-2,C=C(C)CC,C5H10,DIPPR
ACENAPHTHENE,83-32-9,C12=CC=CC3=C1C(=CC=C3)CC2,C12H10,DIPPR
TRIISOBUTYL ALUMINUM,100-99-2,CC(C)C[Al](CC(C)C)CC(C)C,C12H27Al,DIPPR
"3,3-DIMETHYLHEXANE",563-16-6,CCC(C)(C)CCC,C8H18,DIPPR
BENZYL BENZOATE,120-51-4,c1ccccc1(C(=O)OCc2ccccc2),C14H12O2,DIPPR
SUCCINONITRILE,110-61-2,N#CCCC#N,C4H4N2,DIPPR
"2,3-DICHLORO-1-PROPANOL",616-23-9,ClCC(Cl)CO,C3H6Cl2O,DIPPR
n-NONADECANE,629-92-5,CCCCCCCCCCCCCCCCCCC,C19H40,DIPPR
1-PENTANOL,71-41-0,CCCCCO,C5H12O,DIPPR
"trans-1,8-TERPIN",565-50-4,C1(C)(O)CCC(C(C)(C)(O))CC1,C10H20O2,DIPPR
"1,3-DICHLOROHEXAFLUOROPROPANE",662-01-1,ClC(F)(F)C(F)(F)C(F)(F)Cl,C3Cl2F6,DIPPR
trans-ISOEUGENOL,5932-68-3,OC1=CC=C(/C=C/C)C=C1OC,C10H12O2,DIPPR
p-TOLUIDINE,106-49-0,c1(C)ccc(N)cc1,C7H9N,DIPPR
ISOAGATHOLAL,17990-11-3,OCC=C(C)C[C@@]([H])([H])(C1C(=C)CC[C@@]2([H])([C@@](C)(C=O)(CCC[C@@]21(C)))),C20H32O2,DIPPR
ETHYL LINOLEATE,544-35-4,O=C(OCC)CCCCCCC/C=CC/C=CCCCCC,C20H36O2,DIPPR
"2,3-DIMETHYL-2,3-DIPHENYLBUTANE",1889-67-4,CC(C)(c1ccccc1)C(C)(C)c2ccccc2,C18H22,DIPPR
AMINOCAPRONITRILE,2432-74-8,NCCCCCC#N,C6H12N2,DIPPR
1-PHENYLNAPHTHALENE,605-02-7,c1(c2ccccc2)cccc2ccccc21,C16H12,DIPPR
3-METHYLOCTANE,2216-33-3,CCC(C)CCCCC,C9H20,DIPPR
VINYL PROPIONATE,105-38-4,C=COC(=O)CC,C5H8O2,DIPPR
4-METHYLCYCLOPENTENE,1759-81-5,C1=CCC(C)C1,C6H10,DIPPR
2-METHYLOCTANOIC ACID,3004-93-1,CCCCCCC(C)C(=O)O,C9H18O2,DIPPR
N-METHYLTHIOPYRROLIDONE,10441-57-3,N1(C)C(=S)CCC1,C5H9NS,DIPPR
PYRIMIDINE,289-95-2,N1=CN=CC=C1,C4H4N2,DIPPR
ALUMINUM OXIDE,1344-28-1,O=[Al]O[Al]=O,Al2O3,DIPPR
DIVINYL ETHER,109-93-3,C=COC=C,C4H6O,DIPPR
CYCLOPENTANOL,96-41-3,C1CCC(O)C1,C5H10O,DIPPR
ETHYLENEDIAMINE,107-15-3,NCCN,C2H8N2,DIPPR
ETHYL LEVULINATE,539-88-8,CC(=O)CCC(=O)OCC,C7H12O3,DIPPR
n-HEPTYLAMINE,111-68-2,CCCCCCCN,C7H17N,DIPPR
ETHYLENE,74-85-1,C=C,C2H4,DIPPR
ALLYL-TERT-BUTYLPEROXIDE,39972-78-6,CC(C)(C)OOCC=C,C7H14O2,DIPPR
MONOETHANOLAMINE,141-43-5,NCCO,C2H7NO,DIPPR
n-BUTYL ACETATE,123-86-4,CC(=O)OCCCC,C6H12O2,DIPPR
5-ETHYL-m-XYLENE,934-74-7,c1(CC)cc(C)cc(C)c1,C10H14,DIPPR
n-HEXYLCYCLOPENTANE,05/01/4457,CCCCCCC1CCCC1,C11H22,DIPPR
CHLOROPENTAFLUOROETHANE,76-15-3,FC(F)(F)C(F)(F)Cl,C2ClF5,DIPPR
DIPHENYLDICHLOROSILANE,04/10/1980,c1ccccc1[Si](Cl)(Cl)c2ccccc2,C12H10Cl2Si,DIPPR
o-tert-BUTYLPHENOL,88-18-6,Oc1ccccc1C(C)(C)C,C10H14O,DIPPR
DIALLYL SULFIDE,592-88-1,C=CCSCC=C,C6H10S,DIPPR
1-HEPTADECANOL,1454-85-9,CCCCCCCCCCCCCCCCCO,C17H36O,DIPPR
"2,5-DIISOPROPYLTOLUENE",58502-85-5,Cc1cc(C(C)C)ccc1C(C)C,C13H20,DIPPR
ISOBUTYRIC ACID,79-31-2,CC(C)C(=O)O,C4H8O2,DIPPR
"1,4-PENTANEDIOL",626-95-9,OCCCC(O)C,C5H12O2,DIPPR
1-ETHYLCYCLOHEXENE,1453-24-3,CCC1=CCCCC1,C8H14,DIPPR
PHOSPHINE,7803-51-2,P,H3P,DIPPR
4-METHYL-1-HEXENE,3769-23-1,C=CCC(C)CC,C7H14,DIPPR
trans-CROTONITRILE,627-26-9,C/C=C/C#N,C4H5N,DIPPR
VANILLIC ACID,121-34-6,c1(C(=O)O)cc(OC)c(O)cc1,C8H8O4,DIPPR
ETHYLAMINE,07/04/1975,CCN,C2H7N,DIPPR
"N,N-DIMETHYLCYCLOHEXYLAMINE",98-94-2,CN(C)C1CCCCC1,C8H17N,DIPPR
ETHYL PHENYL CARBONATE,3878-46-4,CCOC(=O)Oc1ccccc1,C9H10O3,DIPPR
"[3-(2,3-EPOXYPROXY)PROPYL]TRIMETHOXYSILANE",2530-83-8,CO[Si](OC)(OC)CCCOCC1CO1,C9H20O5Si,DIPPR
trans-3-OCTENE,14919-01-8,CC/C=C/CCCC,C8H16,DIPPR
n-BUTYLCYCLOPENTANE,2040-95-1,C1CCCC1(CCCC),C9H18,DIPPR
p-AMINOAZOBENZENE,03/09/1960,Nc1ccc(cc1)N=Nc2ccccc2,C12H11N3,DIPPR
DIBENZOTHIOPHENE,132-65-0,C1=CC2=C(C=C1)SC1=C2C=CC=C1,C12H8S,DIPPR
1-NITROBUTANE,627-05-4,CCCC[N+](=O)[O-],C4H9NO2,DIPPR
TRIOLEIN,122-32-7,C(COC(CCCCCCCC=C/CCCCCCCC)=O)(COC(CCCCCCCC=C/CCCCCCCC)=O)OC(CCCCCCCC=C/CCCCCCCC)=O,C57H104O6,DIPPR
MALIC ACID,6915-15-7,OC(=O)CC(O)C(=O)O,C4H6O5,DIPPR
DIACETONE ALCOHOL,123-42-2,CC(=O)CC(C)(O)C,C6H12O2,DIPPR
n-HEXYLAMINE,111-26-2,CCCCCCN,C6H15N,DIPPR
2-CYCLOHEXYL CYCLOHEXANONE,90-42-6,C1(=O)C(C2CCCCC2)CCCC1,C12H20O,DIPPR
SODIUM NITRITE,7632-00-0,[Na+].[O-]N=O,NNaO2,DIPPR
ERUCIC ACID,112-86-7,O=C(O)CCCCCCCCCCCC=C/CCCCCCCC,C22H42O2,DIPPR
CYCLOPENTANONE,120-92-3,C1(=O)CCCC1,C5H8O,DIPPR
"2,2-DIFLUOROETHYL ACETATE",1550-44-3,CC(=O)OCC(F)F,C4H6F2O2,DIPPR
"2,4,6-TRIOXAHEPTANE",628-90-0,COCOCOC,C4H10O3,DIPPR
"1,2-DIBROMOETHANE",106-93-4,BrCCBr,C2H4Br2,DIPPR
N-METHYLFORMAMIDE,123-39-7,CNC=O,C2H5NO,DIPPR
2-METHYLOCTANE,3221-61-2,CC(C)CCCCCC,C9H20,DIPPR
DIMETHYLETHANOLAMINE,108-01-0,CN(C)CCO,C4H11NO,DIPPR
BUTYRONITRILE,109-74-0,CCCC#N,C4H7N,DIPPR
TETRAETHYLENEPENTAMINE,112-57-2,NCCNCCNCCNCCN,C8H23N5,DIPPR
2-(5H)-FURANONE,497-23-4,O=C1C=CCO1,C4H4O2,DIPPR
1-METHYL-3-n-PROPYLBENZENE,1074-43-7,c1(C)cc(CCC)ccc1,C10H14,DIPPR
BROMOBENZENE,108-86-1,c1(Br)ccccc1,C6H5Br,DIPPR
alpha-TERPINENE,99-86-5,CC(C)C1=CC=C(CC1)C,C10H16,DIPPR
CARBON MONOXIDE,630-08-0,[C+]#[O-],CO,DIPPR
2-(2-ETHOXYETHOXY)ETHANOL,111-90-0,CCOCCOCCO,C6H14O3,DIPPR
NEOABIETIC ACID,471-77-2,C1C[C@@](C)(C(=O)O)([C@@H]2(CCC3=CC(=C(C)C)CC[C@@H]3([C@@]2(C)(C1)))),C20H30O2,DIPPR
3-CHLOROPROPYLTRIMETHOXYSILANE,2530-87-2,CO[Si](OC)(OC)CCCCl,C6H15ClO3Si,DIPPR
tert-BUTYL MERCAPTAN,75-66-1,CC(C)(C)S,C4H10S,DIPPR
PHTHALIC ACID,88-99-3,c1(C(=O)O)c(C(=O)O)cccc1,C8H6O4,DIPPR
cis-CROTONIC ACID,503-64-0,C/C=CC(=O)O,C4H6O2,DIPPR
ETHYL PROPYL SULFIDE,4110-50-3,CCSCCC,C5H12S,DIPPR
6-AMINOHEXANOL,4048-33-3,NCCCCCCO,C6H15NO,DIPPR
"1,2,4-TRIMETHYLBENZENE",95-63-6,c1(C)c(C)cc(C)cc1,C9H12,DIPPR
TETRAETHYLENE GLYCOL MONOETHYL ETHER,5650-20-4,CCOCCOCCOCCOCCO,C10H22O5,DIPPR
DIISOBUTYL HEXAHYDROPHTHALATE,70969-58-3,O=C(OCC(C)C)C1CCCCC(C(=O)OCC(C)C)1,C16H28O4,DIPPR
TETRAETHYLENE GLYCOL,112-60-7,OCCOCCOCCOCCO,C8H18O5,DIPPR
DIOLEIN,2465-32-9,CCCCCCCC/C=CCCCCCCCC(=O)OCC(O)COC(=O)CCCCCCC/C=CCCCCCCCC,C39H72O5,DIPPR
1-ETHYL-2-ISOPROPYLBENZENE,18970-44-0,c1(CC)c(C(C)C)cccc1,C11H16,DIPPR
n-OCTADECANOIC ACID,04/11/1957,CCCCCCCCCCCCCCCCCC(=O)O,C18H36O2,DIPPR
p-CHLORONITROBENZENE,100-00-5,c1(N(=O)=O)ccc(Cl)cc1,C6H4ClNO2,DIPPR
m-DINITROBENZENE,99-65-0,c1([N+](=O)[O-])cc([N+](=O)[O-])ccc1,C6H4N2O4,DIPPR
"2-BUTYNE-1,4-DIOL",110-65-6,OCC#CCO,C4H6O2,DIPPR
"2,4,4-TRIMETHYLHEXANE",16747-30-1,CC(C)CC(C)(C)CC,C9H20,DIPPR
"N,N,N'-TRIS(HYDROXYETHYL) ETHYLENEDIAMINE",60487-26-5,C(CN(CCO)CCO)NCCO,C8H20N2O3,DIPPR
2-ETHYL HEXANOIC ACID,149-57-5,CCCCC(CC)C(=O)O,C8H16O2,DIPPR
2-BUTYL-OCTAN-1-OL,08/02/3913,CCCCCCC(CCCC)CO,C12H26O,DIPPR
p-NITROTOLUENE,99-99-0,c1(C)ccc([N+](=O)[O-])cc1,C7H7NO2,DIPPR
1-CHLOROPENTANE,543-59-9,CCCCCCl,C5H11Cl,DIPPR
ISOSORBIDE,652-67-5,O[C@H]1[C@H]2OC[C@H](O)[C@H]2OC1,C6H10O4,DIPPR
2-HEPTANONE,110-43-0,CC(=O)CCCCC,C7H14O,DIPPR
n-OCTADECANE,593-45-3,CCCCCCCCCCCCCCCCCC,C18H38,DIPPR
PROPADIENE,463-49-0,C=C=C,C3H4,DIPPR
"3,5-XYLENOL",108-68-9,c1c(O)cc(C)cc1(C),C8H10O,DIPPR
"2,3-DIHYDROFURAN",1191-99-7,C1C=COC1,C4H6O,DIPPR
"1,4-DI-tert-BUTYLBENZENE",1012-72-2,c1(C(C)(C)C)ccc(C(C)(C)C)cc1,C14H22,DIPPR
"1-tert-BUTYL-3,5-DIMETHYLBENZENE",98-19-1,Cc1cc(C)cc(C(C)(C)C)c1,C12H18,DIPPR
2-METHYLINDENE,2177-47-1,C1=CC=C2C(=C1)C=C(C2)C,C10H10,DIPPR
"1,2,4-BUTANETRIOL",06/01/3068,C(O)C(O)CCO,C4H10O3,DIPPR
1-HEXATRIACONTENE,61868-14-2,C=CCCCCCCCCCCCCCCCCCCCCCCCCCCCCCCCCCC,C36H72,DIPPR
VINYL FLUORIDE,05/02/1975,C=CF,C2H3F,DIPPR
BISPHENOL A,07/05/1980,c1(O)ccc(C(C)(C)c2ccc(O)cc2)cc1,C15H16O2,DIPPR
2-HYDROXYPROPYL ACRYLATE,999-61-1,O=C(OCC(O)C)C=C,C6H10O3,DIPPR
THIOGLYCOLIC ACID,01/11/1968,SCC(=O)O,C2H4O2S,DIPPR
3-METHYL-1-PENTENE,760-20-3,C=CC(C)CC,C6H12,DIPPR
HYDROXYCAPROIC ACID,6064-63-7,CCCCC(O)C(=O)O,C6H12O3,DIPPR
"1,2,3,6-TETRAHYDROBENZALDEHYDE",100-50-5,O=CC1CCC=CC1,C7H10O,DIPPR
"HEXACHLORO-1,3-BUTADIENE",87-68-3,C(Cl)(Cl)=C(Cl)C(Cl)=C(Cl)(Cl),C4Cl6,DIPPR
"2,2-DICHLORO-1,1,1-TRIFLUOROETHANE",306-83-2,ClC(Cl)C(F)(F)F,C2HCl2F3,DIPPR
n-DODECANE,112-40-3,CCCCCCCCCCCC,C12H26,DIPPR
DIACETYL,431-03-8,O=C(C(=O)C)C,C4H6O2,DIPPR
"trans-1,4-DIETHYLCYCLOHEXANE",13990-93-7,C1(CC)CCC(CC)CC1,C10H20,DIPPR
n-BUTYL STEARATE,123-95-5,CCCCCCCCCCCCCCCCCC(=O)OCCCC,C22H44O2,DIPPR
DIBROMODIFLUOROMETHANE,75-61-6,FC(Br)(Br)F,CBr2F2,DIPPR
PENTAFLUOROETHYL METHYL ETHER,22410-44-2,FC(F)(F)C(F)(F)OC,C3H3F5O,DIPPR
FUMARONITRILE,764-42-1,N#C/C=C/C#N,C4H2N2,DIPPR
LINOLEIC ACID,60-33-3,CCCCC/C=CC/C=CCCCCCCCC(=O)O,C18H32O2,DIPPR
ACETIC ACID,64-19-7,CC(=O)O,C2H4O2,DIPPR
ISOBUTYL FORMATE,542-55-2,C(=O)OCC(C)C,C5H10O2,DIPPR
CHLORINE DIOXIDE,10049-04-4,O=Cl=O,ClO2,DIPPR
"2,4,6,8,10,12-HEXAOXATRIDECANE",13352-76-6,COCOCOCOCOCOC,C7H16O6,DIPPR
n-HEPTADECANOIC ACID,506-12-7,CCCCCCCCCCCCCCCCC(=O)O,C17H34O2,DIPPR
DEUTERIUM OXIDE,7789-20-0,[2H]O[2H],D2O,DIPPR
1-ETHYLTETRALIN,13556-58-6,C1C(CC)c2ccccc2CC1,C12H16,DIPPR
"1,4-DICHLOROBUTANE",110-56-5,ClCCCCCl,C4H8Cl2,DIPPR
BROMOMETHANE,74-83-9,CBr,CH3Br,DIPPR
CHLORODIFLUOROMETHANE,75-45-6,ClC(F)F,CHClF2,DIPPR
METHYL alpha-METHOXYISOBUTYRATE,17860-39-8,COC(C)(C)C(=O)OC,C6H12O3,DIPPR
2-PENTANOL,6032-29-7,CCCC(O)C,C5H12O,DIPPR
THIOUREA,62-56-6,NC(=S)N,CH4N2S,DIPPR
"2,5-DIMETHYLOCTANE",15869-89-3,CC(C)CCC(C)CCC,C10H22,DIPPR
VINYLCYCLOHEXANE,695-12-5,C=CC1CCCCC1,C8H14,DIPPR
ISOPROPYL ACRYLATE,689-12-3,C=CC(=O)OC(C)C,C6H10O2,DIPPR
1-n-NONYLNAPHTHALENE,26438-26-6,c1(CCCCCCCCC)cccc2ccccc21,C19H26,DIPPR
"2,2,3,3-TETRAMETHYLPENTANE",7154-79-2,CC(C)(C)C(C)(C)CC,C9H20,DIPPR
SULFAMIC ACID,5329-14-6,N[S](=O)(=O)O,H3NO3S,DIPPR
2-ETHYL-1-HEXENE,1632-16-2,C=C(CC)CCCC,C8H16,DIPPR
n-NONACOSANE,630-03-5,CCCCCCCCCCCCCCCCCCCCCCCCCCCCC,C29H60,DIPPR
p-tert-AMYLPHENOL,80-46-6,CCC(C)(C)c1ccc(O)cc1,C11H16O,DIPPR
o-CHLOROANILINE,95-51-2,c1(N)c(Cl)cccc1,C6H6ClN,DIPPR
"cis-1,2-DIMETHYLCYCLOPENTANE",1192-18-3,C1[C@@](C)([H])([C@]([H])(C)(CC1)),C7H14,DIPPR
N-ETHYL-2-PYRROLIDONE,2687-91-4,CCN1CCCC1=O,C6H11NO,DIPPR
"2,2'-IMINOBIS-ACETONITRILE",628-87-5,N#CCNCC#N,C4H5N3,DIPPR
ETHYLENE GLYCOL DINITRATE,628-96-6,O=N(=O)OCCON(=O)=O,C2H4N2O6,DIPPR
DIISOBUTYL ETHER,628-55-7,CC(C)COCC(C)C,C8H18O,DIPPR
n-PROPYL BENZOATE,2315-68-6,c1(C(=O)OCCC)ccccc1,C10H12O2,DIPPR
BIS(CYANOETHYL)ETHER,1656-48-0,N#CCCOCCC#N,C6H8N2O,DIPPR
NEOPENTYL GLYCOL,126-30-7,OCC(C)(C)CO,C5H12O2,DIPPR
CYCLOHEXANOL,108-93-0,OC1CCCCC1,C6H12O,DIPPR
"1,6-HEXANEDIOL",629-11-8,OCCCCCCO,C6H14O2,DIPPR
"trans-1,3,3,3-TETRAFLUOROPROPENE",29118-24-9,C(F)(F)(F)/C=C/F,C3H2F4,DIPPR
CYCLOOCTENE,931-88-4,C1=CCCCCCC1,C8H14,DIPPR
CHLOROFLUOROMETHANE,593-70-4,ClCF,CH2ClF,DIPPR
1-BUTANOL,71-36-3,CCCCO,C4H10O,DIPPR
3-(TRIMETHOXYSILYL)-1-PROPANETHIOL,4420-74-0,[Si](OC)(OC)(OC)CCCS,C6H16O3SSi,DIPPR
SYRINGALDEHYDE,134-96-3,COc1cc(cc(OC)c1O)C=O,C9H10O4,DIPPR
4-FORMYLMORPHOLINE,4394-85-8,N1(C=O)CCOCC1,C5H9NO2,DIPPR
3-METHYL-1-PENTANOL,589-35-5,CCC(C)CCO,C6H14O,DIPPR
o-CHLORONITROBENZENE,88-73-3,c1(N(=O)=O)c(Cl)cccc1,C6H4ClNO2,DIPPR
HYDROGEN,1333-74-0,[H][H],H2,DIPPR
NICKEL CARBONYL,13463-39-3,[Ni](C#O)(C#O)(C#O)C#O,C4NiO4,DIPPR
n-TETRADECYLBENZENE,1459-10-5,c1ccccc1(CCCCCCCCCCCCCC),C20H34,DIPPR
PIMELIC ACID,111-16-0,O=C(O)CCCCCC(O)=O,C7H12O4,DIPPR
TRIALLYLAMINE,102-70-5,C=CCN(CC=C)CC=C,C9H15N,DIPPR
2-METHYL-1-BUTENE-3-YNE,78-80-8,C=C(C)C#C,C5H6,DIPPR
2-METHYLBENZOFURAN,4265-25-2,c1cccc2oc(C)cc21,C9H8O,DIPPR
DI-tert-BUTYL SULFIDE,107-47-1,CC(C)(C)SC(C)(C)C,C8H18S,DIPPR
STYRENE GLYCOL,93-56-1,c1ccccc1C(O)C(O),C8H10O2,DIPPR
1-TETRACOSENE,10192-32-2,C=CCCCCCCCCCCCCCCCCCCCCCC,C24H48,DIPPR
3-METHYL-1-BUTENE,563-45-1,C=CC(C)C,C5H10,DIPPR
ISOBUTYLCYCLOPENTANE,3788-32-7,CC(C)CC1CCCC1,C9H18,DIPPR
"1,2-DICHLOROHEXAFLUOROCYCLOBUTANE",356-18-3,C1(Cl)(F)C(Cl)(F)C(F)(F)C1(F)(F),C4Cl2F6,DIPPR
cis-2-HEXENE,7688-21-3,C/C=CCCC,C6H12,DIPPR
ITACONIC ACID,97-65-4,O=C(O)CC(=C)C(O)=O,C5H6O4,DIPPR
"2,3-BUTANEDIOL",513-85-9,CC(O)C(O)C,C4H10O2,DIPPR
TRIERUCIN,2752-99-0,CCCCCCCC/C=CCCCCCCCCCCCC(=O)OCC(OC(=O)CCCCCCCCCCC/C=CCCCCCCCC)COC(=O)CCCCCCCCCCC/C=CCCCCCCCC,C69H128O6,DIPPR
2-METHOXYETHANOL,109-86-4,OCCOC,C3H8O2,DIPPR
"1,3-PROPYLENE GLYCOL",504-63-2,OCCCO,C3H8O2,DIPPR
"2,3,4,5,2',3',4',5'-OCTAHYDRO-BIFURYL-(3,3')",106538-38-9,C1CC(C2CCOC2)CO1,C8H14O2,DIPPR
ETHYL ISOPROPYL KETONE,565-69-5,CCC(=O)C(C)C,C6H12O,DIPPR
"3,4-DIMETHYLHEXANE",583-48-2,CCC(C)C(C)CC,C8H18,DIPPR
"2-BUTYL-2-ETHYL-1,3-PROPANEDIOL",115-84-4,OCC(CCCC)(CC)CO,C9H20O2,DIPPR
DODECAMETHYLCYCLOHEXASILOXANE,540-97-6,[Si]1(C)(C)O[Si](C)(C)O[Si](C)(C)O[Si](C)(C)O[Si](C)(C)O[Si](C)(C)O1,C12H36O6Si6,DIPPR
4-METHYLPYRIDINE,108-89-4,n1ccc(C)cc1,C6H7N,DIPPR
ADIPONITRILE,111-69-3,N#CCCCCC#N,C6H8N2,DIPPR
HEXAMETHYL PHOSPHORAMIDE,680-31-9,P(=O)(N(C)C)(N(C)C)(N(C)C),C6H18N3OP,DIPPR
p-DIISOPROPYLBENZENE HYDROPEROXIDE,98-49-7,c1(C(C)C)ccc(C(OO)(C)C)cc1,C12H18O2,DIPPR
METHYL IODIDE,74-88-4,CI,CH3I,DIPPR
"2,5-DIMETHYLHEXANE",592-13-2,CC(C)CCC(C)C,C8H18,DIPPR
NITRIC OXIDE,10102-43-9,[N]=O,NO,DIPPR
METHYL METHACRYLATE,80-62-6,C=C(C)C(=O)OC,C5H8O2,DIPPR
n-OCTYL ACETATE,112-14-1,CC(=O)OCCCCCCCC,C10H20O2,DIPPR
TRIDECAFLUOROHEPTANOIC ACID,375-85-9,C(F)(F)(F)C(F)(F)C(F)(F)C(F)(F)C(F)(F)C(F)(F)C(=O)O,C7HF13O2,DIPPR
3-CHLOROPROPYLTRICHLOROSILANE,03/06/2550,C(Cl)CC[Si](Cl)(Cl)Cl,C3H6Cl4Si,DIPPR
ETHYL BENZOATE,93-89-0,c1c(C(=O)OCC)cccc1,C9H10O2,DIPPR
4-((2-HYDROXYETHOXY)CARBONYL) BENZOIC ACID,1137-99-1,OC(=O)c1ccc(C(=O)OCCO)cc1,C10H10O5,DIPPR
n-EICOSANE,112-95-8,CCCCCCCCCCCCCCCCCCCC,C20H42,DIPPR
HYPOPHOSPHOROUS ACID,6303-21-5,[PH2](=O)O,H3O2P,DIPPR
2-METHYLUNDECANE,7045-71-8,CC(C)CCCCCCCCC,C12H26,DIPPR
FURAN,110-00-9,C1=COC=C1,C4H4O,DIPPR
2-BUTYL-NONAN-1-OL,51655-57-3,CCCCCCCC(CO)CCCC,C13H28O,DIPPR
TRIMETHYLENE SULFIDE,287-27-4,S1CCC1,C3H6S,DIPPR
OXALIC ACID,144-62-7,C(=O)(O)C(=O)O,C2H2O4,DIPPR
"1,2,3-TRIMETHYLBENZENE",526-73-8,c1(C)c(C)c(C)ccc1,C9H12,DIPPR
DI-n-PROPYLAMINE,142-84-7,CCCNCCC,C6H15N,DIPPR
METHYL tert-BUTYL ETHER,1634-04-4,COC(C)(C)C,C5H12O,DIPPR
SALICYLIC ACID,69-72-7,c1(O)ccccc1(C(=O)O),C7H6O3,DIPPR
NITROGEN TETROXIDE,10544-72-6,O=N(=O)N(=O)=O,N2O4,DIPPR
DI-n-BUTYL DISULFIDE,629-45-8,CCCCSSCCCC,C8H18S2,DIPPR
CYCLOBUTANE,287-23-0,C1CCC1,C4H8,DIPPR
n-DODECYLAMINE,124-22-1,CCCCCCCCCCCCN,C12H27N,DIPPR
CROTYL GLYCOL ETHER,52458-04-5,CC=CCOCCO,C6H12O2,DIPPR
trans-2-HEXENE,4050-45-7,C/C=C/CCC,C6H12,DIPPR
HEXANAL,66-25-1,CCCCCC=O,C6H12O,DIPPR
"2,6-DIMETHYLOCTANE",2051-30-1,CC(C)CCCC(C)CC,C10H22,DIPPR
ETHYL n-PENTYL SULFIDE,26158-99-6,CCSCCCCC,C7H16S,DIPPR
CHLOROFORM,67-66-3,C(Cl)(Cl)Cl,CHCl3,DIPPR
ISOPHTHALOYL CHLORIDE,99-63-8,c1(C(=O)Cl)cc(C(=O)Cl)ccc1,C8H4Cl2O2,DIPPR
NEOPENTANE,463-82-1,CC(C)(C)C,C5H12,DIPPR
m-PHENYLENEDIAMINE,108-45-2,c1(N)cc(N)ccc1,C6H8N2,DIPPR
3-METHYL-trans-2-PENTENE,616-12-6,C/C=C(C)/CC,C6H12,DIPPR
DI-n-BUTYL SULFONE,598-04-9,CCCCS(=O)(=O)CCCC,C8H18O2S,DIPPR
"2,3,3-TRIMETHYLPENTANE",560-21-4,CC(C)C(C)(C)CC,C8H18,DIPPR
OCTAMETHYLTRISILOXANE,107-51-7,C[Si](C)(C)O[Si](C)(C)O[Si](C)(C)C,C8H24O2Si3,DIPPR
2-PYRROLIDONE,616-45-5,C1CCC(=O)N1,C4H7NO,DIPPR
1-CHLORO-3-PROPANOL,627-30-5,ClCCCO,C3H7ClO,DIPPR
PENTAETHYLBENZENE,605-01-6,c1(CC)c(CC)c(CC)c(CC)c(CC)c1,C16H26,DIPPR
tert-BUTYL METHACRYLATE,585-07-9,CC(C)(C)OC(=O)C(=C)C,C8H14O2,DIPPR
2-METHYLPROPANAL,78-84-2,CC(C)C(=O),C4H8O,DIPPR
3-METHYLBUTYRALDEHYDE,590-86-3,CC(C)CC(=O),C5H10O,DIPPR
PROPIONIC ANHYDRIDE,123-62-6,CCC(=O)OC(=O)CC,C6H10O3,DIPPR
n-EICOSANIC ACID,506-30-9,CCCCCCCCCCCCCCCCCCCC(=O)O,C20H40O2,DIPPR
METHYL ETHYL ETHER,540-67-0,COCC,C3H8O,DIPPR
DECANAL,112-31-2,CCCCCCCCCC=O,C10H20O,DIPPR
PHOSPHORUS OXYCHLORIDE,10025-87-3,ClP(=O)(Cl)Cl,Cl3OP,DIPPR
2-METHYL-1-PROPANOL,78-83-1,OCC(C)C,C4H10O,DIPPR
PROPYLENE GLYCOL 2-tert-BUTYL ETHER,94023-15-1,CC(C)(C)OC(C)CO,C7H16O2,DIPPR
"1,2,6-HEXANETRIOL",106-69-4,C(CCO)CC(CO)O,C6H14O3,DIPPR
ACRYLIC ACID,07/10/1979,C=CC(=O)O,C3H4O2,DIPPR
cis-2-NONENE,6434-77-1,C/C=CCCCCCC,C9H18,DIPPR
1-METHYLNAPHTHALENE,90-12-0,c1(C)cccc2ccccc21,C11H10,DIPPR
"1,1,1,2-TETRAFLUORO-2-CHLOROPROPANE",421-73-8,CC(F)(Cl)C(F)(F)F,C3H3ClF4,DIPPR
1-CYCLOHEXYLETHANONE,823-76-7,O=C(C)C1CCCCC1,C8H14O,DIPPR
OCTAFLUOROPROPANE,76-19-7,FC(F)(F)C(F)(F)C(F)(F)F,C3F8,DIPPR
HEXAFLUOROPROPYLENE,116-15-4,FC(F)(F)C(F)=C(F)F,C3F6,DIPPR
"1,1,2,2-TETRACHLOROETHANE",79-34-5,C(Cl)(Cl)C(Cl)(Cl),C2H2Cl4,DIPPR
"1,3-DIPHENYLTRIAZENE",136-35-6,c1ccccc1NN=Nc2ccccc2,C12H11N3,DIPPR
MESITYLENE,108-67-8,c1(C)cc(C)cc(C)c1,C9H12,DIPPR
DIETHYL MALONATE,105-53-3,CCOC(=O)CC(=O)OCC,C7H12O4,DIPPR
TRICHLOROFLUOROMETHANE,75-69-4,ClC(Cl)(Cl)F,CCl3F,DIPPR
"2-METHYL-1,3-PENTANEDIOL",149-31-5,CCC(O)C(C)CO,C6H14O2,DIPPR
DIISOPENTYLSULFIDE,544-02-5,CC(C)CCSCCC(C)C,C10H22S,DIPPR
TRIETHYLENE GLYCOL MONOMETHYL ETHER,112-35-6,OCCOCCOCCOC,C7H16O4,DIPPR
HEXADECAMETHYLHEPTASILOXANE,541-01-5,C[Si](C)(C)O[Si](C)(C)O[Si](C)(C)O[Si](C)(C)O[Si](C)(C)O[Si](C)(C)O[Si](C)(C)C,C16H48O6Si7,DIPPR
p-METHOXYPHENOL,150-76-5,c1(O)ccc(OC)cc1,C7H8O2,DIPPR
2-BROMOBUTANE,78-76-2,CC(Br)CC,C4H9Br,DIPPR
"2,2-DICHLORO-1,1,2-TRIFLUOROETHANE",812-04-4,FC(Cl)(Cl)C(F)F,C2HCl2F3,DIPPR
BORON TRIBROMIDE,10294-33-4,B(Br)(Br)Br,BBr3,DIPPR
CYCLOOCTANE,292-64-8,C1CCCCCCC1,C8H16,DIPPR
p-ETHYLTOLUENE,622-96-8,c1(CC)ccc(C)cc1,C9H12,DIPPR
MORPHOLINE,110-91-8,C1NCCOC1,C4H9NO,DIPPR
"2,6-DIMETHYLTETRALIN",7524-63-2,c1c(cc2c(c1)CC(CC2)C)C,C12H16,DIPPR
ETHYLENE GLYCOL DIACETATE,111-55-7,CC(=O)OCCOC(C)=O,C6H10O4,DIPPR
1-METHYLINDAN,767-58-8,c1cccc2c1CCC2C,C10H12,DIPPR
CYCLOHEXANONE OXIME,100-64-1,C1(=NO)CCCCC1,C6H11NO,DIPPR
ACETOACETANILIDE,102-01-2,c1ccccc1(NC(=O)CC(=O)C),C10H11NO2,DIPPR
o-DICHLOROBENZENE,95-50-1,c1(Cl)ccccc1(Cl),C6H4Cl2,DIPPR
"BENZENE-1,2,4-TRICARBOXYLIC ACID TRIMETHYL ESTER",01/10/2459,COC(=O)C1=C(C(=O)OC)C=C(C(=O)OC)C=C1,C12H12O6,DIPPR
4-(2-HYDROXYETHYL)MORPHOLINE,622-40-2,OCCN1CCOCC1,C6H13NO2,DIPPR
"1,2,4-TRIMETHYL-3-ETHYLBENZENE",61827-87-0,c1(C)c(C)c(CC)c(C)cc1,C11H16,DIPPR
[3-(MERCAPTO)PROPYL]TRIETHOXYSILANE,14814-09-6,[Si](OCC)(OCC)(OCC)CCCS,C9H22O3SSi,DIPPR
2-CYCLOHEXENYL CYCLOHEXANONE,1502-22-3,C1(C2C(=O)CCCC2)=CCCCC1,C12H18O,DIPPR
DICHLOROACETALDEHYDE,07/02/1979,ClC(Cl)C(=O),C2H2Cl2O,DIPPR
n-PROPYL ACETATE,109-60-4,CC(=O)OCCC,C5H10O2,DIPPR
BORON TRIFLUORIDE,02/07/7637,FB(F)F,BF3,DIPPR
METHYL ISOPROPYL ETHER,598-53-8,COC(C)C,C4H10O,DIPPR
CYCLOHEXYLBENZENE,827-52-1,c1ccccc1(C2CCCCC2),C12H16,DIPPR
D-FRUCTOSE,7660-25-5,O[C@@H]1CO[C@@](CO)(O)[C@@H](O)[C@@H]1O,C6H12O6,DIPPR
METHYL CHLOROFORMATE,79-22-1,ClC(=O)OC,C2H3ClO2,DIPPR
"2,5-DIHYDROFURAN",1708-29-8,C1OCC=C1,C4H6O,DIPPR
2-ETHYLNAPHTHALENE,939-27-5,c1cccc2c1(cc(CC)cc2),C12H12,DIPPR
N-ETHYLANILINE,103-69-5,c1(NCC)ccccc1,C8H11N,DIPPR
CARBAMYL CHLORIDE,463-72-9,ClC(=O)N,CH2ClNO,DIPPR
ETHYL LAURATE,106-33-2,O=C(OCC)CCCCCCCCCCC,C14H28O2,DIPPR
METHYL CHLOROACETATE,96-34-4,ClCC(=O)OC,C3H5ClO2,DIPPR
"3-(N,N-DIMETHYLAMINO) PROPYLAMINE",109-55-7,NCCCN(C)C,C5H14N2,DIPPR
3-ETHYLDODECANE,57297-82-2,CCCCCCCCCC(CC)CC,C14H30,DIPPR
n-BUTYL BENZOATE,136-60-7,CCCCOC(=O)c1ccccc1,C11H14O2,DIPPR
sec-BUTYL-tert-BUTYL ETHER,32970-45-9,CCC(C)OC(C)(C)C,C8H18O,DIPPR
ETHYL HYDROGEN SULFATE,540-82-9,CCOS(=O)(=O)O,C2H6O4S,DIPPR
ARSINE,7784-42-1,[AsH3],AsH3,DIPPR
n-HEXYL FORMATE,629-33-4,CCCCCCOC=O,C7H14O2,DIPPR
2-ETHYLHEXYL ACRYLATE,103-11-7,C=CC(=O)OCC(CC)CCCC,C11H20O2,DIPPR
p-CHLOROANILINE,106-47-8,c1(N)ccc(Cl)cc1,C6H6ClN,DIPPR
"1,1-DICHLOROETHANE",75-34-3,CC(Cl)Cl,C2H4Cl2,DIPPR
"2,3-DIMETHYLNONANE",02/06/2884,CC(C)C(C)CCCCCC,C11H24,DIPPR
ISOPROPYLAMINE,75-31-0,CC(C)N,C3H9N,DIPPR
"2,3-DIMETHYLTHIOPHENE",632-16-6,CC1=C(C)SC=C1,C6H8S,DIPPR
"1,1-DIETHYLCYCLOPENTANE",2721-38-2,CCC1(CCCC1)CC,C9H18,DIPPR
TETRAPROPYLENE GLYCOL,24800-25-7,CC(O)COC(C)COC(C)COC(C)CO,C12H26O5,DIPPR
ETHYL HYDROPEROXIDE,3031-74-1,CCOO,C2H6O2,DIPPR
DIPROPYLENE GLYCOL,25265-71-8,CC(O)COCC(O)C,C6H14O3,DIPPR
"2,6-NAPHTHALENEDICARBOXYLIC ACID",1141-38-4,C1=CC2=C(C=C1C(=O)O)C=CC(=C2)C(=O)O,C12H8O4,DIPPR
N-METHYLCYCLOHEXYLAMINE,100-60-7,C1(NC)CCCCC1,C7H15N,DIPPR
"1,4-HEXADIENE",592-45-0,C=CCC=CC,C6H10,DIPPR
FORMALDEHYDE,50-00-0,C=O,CH2O,DIPPR
2-(2-METHOXYETHOXY)ETHANOL,111-77-3,COCCOCCO,C5H12O3,DIPPR
SUCROSE,57-50-1,O[C@H]1[C@H](O[C@H](CO)[C@@H](O)[C@@H]1O)O[C@]2(CO)O[C@H](CO)[C@@H](O)[C@@H]2O,C12H22O11,DIPPR
DIKETENE,674-82-8,C=C1CC(=O)O1,C4H4O2,DIPPR
ISOPROPYL BUTYL ETHER,1860-27-1,CCCCOC(C)C,C7H16O,DIPPR
TRIPROPYLENE GLYCOL MONOETHYL ETHER,75899-69-3,CCOCC(C)OCC(C)OCC(C)O,C11H24O4,DIPPR
"3,3,5-TRIMETHYLHEPTANE",7154-80-5,CCC(C)(C)CC(C)CC,C10H22,DIPPR
DI-n-PROPYL SULFIDE,111-47-7,CCCSCCC,C6H14S,DIPPR
1-TETRADECENE,1120-36-1,C=CCCCCCCCCCCCC,C14H28,DIPPR
cis-2-PHENYLBUTENE-2,768-00-3,C/C(c1ccccc1)=C/C,C10H12,DIPPR
ACETOMETHOXANE,828-00-2,CC(=O)OC1OC(C)OC(C)C1,C8H14O4,DIPPR
CALCIUM,7440-70-2,[Ca],Ca,DIPPR
p-METHYLSTYRENE,622-97-9,C=Cc1ccc(C)cc1,C9H10,DIPPR
FLUOSULFONIC ACID,7789-21-1,FS(=O)(=O)O,FHO3S,DIPPR
TRIMETHOXYSILANE,2487-90-3,CO[SiH](OC)OC,C3H10O3Si,DIPPR
1-EICOSENE,01/07/3452,C=CCCCCCCCCCCCCCCCCCC,C20H40,DIPPR
n-HEPTACOSANE,593-49-7,CCCCCCCCCCCCCCCCCCCCCCCCCCC,C27H56,DIPPR
n-DOCOSANE,629-97-0,CCCCCCCCCCCCCCCCCCCCCC,C22H46,DIPPR
ISOPENTYL BUTYRATE,106-27-4,O=C(OCCC(C)C)CCC,C9H18O2,DIPPR
"1,4-BUTANEDIISOCYANATE",4538-37-8,O=C=NCCCCN=C=O,C6H8N2O2,DIPPR
METHYL LINOLEATE,112-63-0,O=C(OC)CCCCCCC/C=CC/C=CCCCCC,C19H34O2,DIPPR
DIMETHYL PHTHALATE,131-11-3,c1(C(=O)OC)c(C(=O)OC)cccc1,C10H10O4,DIPPR
ETHYL PROPYL ETHER,628-32-0,CCOCCC,C5H12O,DIPPR
DIAMANTANE,2292-79-7,C12CC3C4C(C1)C1CC(C4)CC3C1C2,C14H20,DIPPR
"1,3-DIOXOLANE",646-06-0,O(CCO1)C1,C3H6O2,DIPPR
4-HEPTANONE,123-19-3,CCCC(=O)CCC,C7H14O,DIPPR
VINYLACETONITRILE,109-75-1,C=CCC#N,C4H5N,DIPPR
3-HEXANONE,589-38-8,CCC(=O)CCC,C6H12O,DIPPR
n-TETRADECYLAMINE,2016-42-4,CCCCCCCCCCCCCCN,C14H31N,DIPPR
2-METHYLHEXANE,591-76-4,CC(C)CCCC,C7H16,DIPPR
2-METHYL-1-HEPTANOL,60435-70-3,CCCCCC(C)CO,C8H18O,DIPPR
PIPERAZINE,110-85-0,N1CCNCC1,C4H10N2,DIPPR
METHYL MALEIC ANHYDRIDE,616-02-4,C1(=O)OC(=O)C=C(C)1,C5H4O3,DIPPR
2-PENTANETHIOL,2084-19-7,CC(S)CCC,C5H12S,DIPPR
PHOSPHORUS (WHITE),12185-10-3,[P],P,DIPPR
SUBERIC ACID,505-48-6,O=C(O)CCCCCCC(O)=O,C8H14O4,DIPPR
"2,2-DIMETHYLHEXANE",590-73-8,CC(C)(C)CCCC,C8H18,DIPPR
2-ETHYL-TETRAHYDROTHIOPHENE,1551-32-2,CCC1CCCS1,C6H12S,DIPPR
ETHYL ISOPROPYL ETHER,625-54-7,CCOC(C)C,C5H12O,DIPPR
DISILANE,1590-87-0,[SiH3][SiH3],H6Si2,DIPPR
"2,3,3-TRIMETHYL-1-BUTENE",594-56-9,C=C(C)C(C)(C)C,C7H14,DIPPR
1-PENTADECENE,13360-61-7,C=CCCCCCCCCCCCCC,C15H30,DIPPR
n-OCTYL FORMATE,112-32-3,CCCCCCCCOC=O,C9H18O2,DIPPR
TRIETHYLENE GLYCOL,112-27-6,OCCOCCOCCO,C6H14O4,DIPPR
o-DIETHYLBENZENE,135-01-3,c1(CC)c(CC)cccc1,C10H14,DIPPR
IODOBENZENE,591-50-4,c1(I)ccccc1,C6H5I,DIPPR
KRYPTON,7439-90-9,[Kr],Kr,DIPPR
METHYL CHLOROSILANE,993-00-0,C[SiH2]Cl,CH5ClSi,DIPPR
HEXACHLOROETHANE,67-72-1,C(Cl)(Cl)(Cl)C(Cl)(Cl)Cl,C2Cl6,DIPPR
ETHYL CYANOACETATE,105-56-6,N#CCC(=O)OCC,C5H7NO2,DIPPR
"trans,trans-2,4-HEXADIENE",5194-51-4,C/C=C/C=C/C,C6H10,DIPPR
DIPALMITIN,502-52-3,CCCCCCCCCCCCCCCC(=O)OCC(COC(=O)CCCCCCCCCCCCCCC)O,C35H68O5,DIPPR
EUGENOL,97-53-0,c1(O)c(OC)cc(CC=C)cc1,C10H12O2,DIPPR
1-OCTADECANOL,112-92-5,CCCCCCCCCCCCCCCCCCO,C18H38O,DIPPR
MALONONITRILE,109-77-3,N#CCC#N,C3H2N2,DIPPR
PENTACHLOROETHANE,07/01/1976,ClC(Cl)C(Cl)(Cl)Cl,C2HCl5,DIPPR
DIMETHYLAMINE,124-40-3,CNC,C2H7N,DIPPR
DIMETHYLDIMETHOXYSILANE,1112-39-6,CO[Si](C)(C)OC,C4H12O2Si,DIPPR
ACETAMINOPHEN,103-90-2,CC(=O)Nc1ccc(O)cc1,C8H9NO2,DIPPR
gamma-TERPINENE,99-85-4,CC(C)C1=CCC(=CC1)C,C10H16,DIPPR
"1,2-DICHLOROTETRAFLUOROETHANE",76-14-2,ClC(F)(F)C(F)(F)Cl,C2Cl2F4,DIPPR
n-DECANOIC ACID,334-48-5,CCCCCCCCCC(=O)O,C10H20O2,DIPPR
TETRAMETHYLETHYLENEDIAMINE,110-18-9,CN(C)CCN(C)C,C6H16N2,DIPPR
DI-n-UNDECYL PHTHALATE,3648-20-2,c1c(C(=O)OCCCCCCCCCCC)c(C(=O)OCCCCCCCCCCC)ccc1,C30H50O4,DIPPR
DICYCLOPENTADIENE,77-73-6,C1=CC2C(C3)C=CC3C2C1,C10H12,DIPPR
4-CHLORO-o-XYLENE,615-60-1,c1(C)c(C)cc(Cl)cc1,C8H9Cl,DIPPR
"2,6-DI-tert-BUTYL-p-CRESOL",128-37-0,c1(O)c(C(C)(C)C)cc(C)cc1(C(C)(C)C),C15H24O,DIPPR
ACETAL,105-57-7,CCOC(C)OCC,C6H14O2,DIPPR
"cis,trans-2,4-HEXADIENE",5194-50-3,C/C=C/C=CC,C6H10,DIPPR
ISOPROPANOL,67-63-0,CC(O)C,C3H8O,DIPPR
TRIETHYLENE GLYCOL BIS(2-ETHYLHEXANOATE),94-28-0,CCCCC(CC)C(=O)OCCOCCOCCOC(=O)C(CC)CCCC,C22H42O6,DIPPR
trans-1-PROPENYLBENZENE,873-66-5,c1ccccc1/C=C/C,C9H10,DIPPR
ISOVALERIC ACID,503-74-2,CC(C)CC(=O)O,C5H10O2,DIPPR
o-DINITROBENZENE,528-29-0,c1([N+](=O)[O-])c([N+](=O)[O-])cccc1,C6H4N2O4,DIPPR
ASCORBIC ACID,50-81-7,O1C(=O)C(O)=C(O)C1[C@@]([H])(CO)(O),C6H8O6,DIPPR
n-DECYLAMINE,2016-57-1,CCCCCCCCCCN,C10H23N,DIPPR
"1,1,1-TRICHLOROETHANE",71-55-6,C(Cl)(Cl)(Cl)C,C2H3Cl3,DIPPR
n-PENTYL n-BUTYRATE,540-18-1,CCCCCOC(=O)CCC,C9H18O2,DIPPR
METHYL ISOPROPENYL KETONE,814-78-8,CC(=O)C(=C)C,C5H8O,DIPPR
3-METHYLPENTANE,96-14-0,CCC(C)CC,C6H14,DIPPR
2-HYDROXYETHYL METHACRYLATE,868-77-9,C=C(C)C(=O)OCCO,C6H10O3,DIPPR
1-UNDECENE,821-95-4,C=CCCCCCCCCC,C11H22,DIPPR
DINONYL ETHER,2456-27-1,CCCCCCCCCOCCCCCCCCC,C18H38O,DIPPR
SODIUM AMIDE,7782-92-5,[Na+].[NH2-],H2NNa,DIPPR
METHYL n-BUTYRATE,623-42-7,CCCC(=O)OC,C5H10O2,DIPPR
ACETONITRILE,08/05/1975,CC#N,C2H3N,DIPPR
2-(N-MORPHOLINO)-2'-HYDROXYDIETHYLETHER,3603-45-0,N1(CCOCCO)CCOCC1,C8H17NO3,DIPPR
2-METHYL-1-HEPTENE,15870-10-7,C=C(C)CCCCC,C8H16,DIPPR
TRICAPRYLIN,538-23-8,O=C(CCCCCCC)OCC(OC(CCCCCCC)=O)COC(CCCCCCC)=O,C27H50O6,DIPPR
PENTAFLUOROPHENOL,771-61-9,c1(F)c(F)c(F)c(F)c(F)c1(O),C6F5OH,DIPPR
3-METHYLTHIOPHENE,616-44-4,S1C=C(C)C=C1,C5H6S,DIPPR
PROPYLENE GLYCOL ETHYL ETHER ACETATE,54839-24-6,CCOCC(C)OC(=O)C,C7H14O3,DIPPR
alpha-PINENE,80-56-8,C1C(C2(C)(C))CC2C(C)=C1,C10H16,DIPPR
3-METHOXYISOPROPYLAMINE,37143-54-7,COCC(N)C,C4H11NO,DIPPR
MALEIC ANHYDRIDE,108-31-6,O1C(=O)C=CC1(=O),C4H2O3,DIPPR
"1,2-DICHLORO-4-NITROBENZENE",99-54-7,c1(N(=O)=O)cc(Cl)c(Cl)cc1,C6H3Cl2NO2,DIPPR
cis-2-OCTENE,08/04/7642,C/C=CCCCCC,C8H16,DIPPR
"2,3,3,3-TETRAFLUOROPROPENE",754-12-1,C(F)(F)(F)C(F)=C,C3H2F4,DIPPR
"2,4-DIPHENYL-4-METHYLPENTENE-1",6362-80-7,C=C(c1ccccc1)CC(C)(c2ccccc2)C,C18H20,DIPPR
n-OCTYLBENZENE,2189-60-8,c1ccccc1(CCCCCCCC),C14H22,DIPPR
VANADIUM OXYTRICHLORIDE,7727-18-6,Cl[V](=O)(Cl)Cl,Cl3OV,DIPPR
NEON,09/01/7440,[Ne],Ne,DIPPR
2-ETHYL-1-BUTANOL,97-95-0,OCC(CC)CC,C6H14O,DIPPR
o-CHLOROBENZOIC ACID,118-91-2,c1(C(=O)O)c(Cl)cccc1,C7H5ClO2,DIPPR
METHYL TRICHLOROSILANE,75-79-6,C[Si](Cl)(Cl)Cl,CH3Cl3Si,DIPPR
DEUTERIUM,7782-39-0,[2H][2H],D2,DIPPR
"trans-2,2,4,6,6-PENTAMETHYL-3-HEPTENE",27656-49-1,C(CC(=CC(C)(C)C)C)(C)(C)C,C12H24,DIPPR
2-ETHYLHEXYL BENZOATE,5444-75-7,O=C(OCC(CCCC)CC)c(cccc1)c1,C15H22O2,DIPPR
trans-CROTONIC ACID,107-93-7,C/C=C/C(=O)O,C4H6O2,DIPPR
n-BUTYL MERCAPTAN,109-79-5,CCCCS,C4H10S,DIPPR
METHYLCYCLOPROPANE,594-11-6,CC1CC1,C4H8,DIPPR
DIMETHYL SULFATE,77-78-1,COS(=O)(=O)OC,C2H6O4S,DIPPR
MAGNESIUM OXIDE,1309-48-4,[Mg]=O,MgO,DIPPR
MAGNESIUM NITRATE,10377-60-3,O=N(=O)[O-].[Mg++].[O-]N(=O)=O,MgN2O6,DIPPR
"2,2',2''-NITRILOTRIS-ACETONITRILE",7327-60-8,N#CCN(CC#N)CC#N,C6H6N4,DIPPR
ALLYLAMINE,107-11-9,C=CCN,C3H7N,DIPPR
SODIUM BROMIDE,7647-15-6,[Na+].[Br-],BrNa,DIPPR
DILACTIC ACID,19201-34-4,CC(C(=O)O)OC(C(=O)O)C,C6H10O5,DIPPR
